
TP3-Grupo12.elf:     file format elf32-avr

Sections:
Idx Name          Size      VMA       LMA       File off  Algn
  0 .data         00000282  00800100  00001aa0  00001b34  2**0
                  CONTENTS, ALLOC, LOAD, DATA
  1 .text         00001aa0  00000000  00000000  00000094  2**1
                  CONTENTS, ALLOC, LOAD, READONLY, CODE
  2 .bss          00000289  00800382  00800382  00001db6  2**0
                  ALLOC
  3 .comment      0000005c  00000000  00000000  00001db6  2**0
                  CONTENTS, READONLY
  4 .note.gnu.avr.deviceinfo 00000040  00000000  00000000  00001e14  2**2
                  CONTENTS, READONLY
  5 .debug_aranges 000002c0  00000000  00000000  00001e54  2**0
                  CONTENTS, READONLY, DEBUGGING
  6 .debug_info   00002776  00000000  00000000  00002114  2**0
                  CONTENTS, READONLY, DEBUGGING
  7 .debug_abbrev 0000115d  00000000  00000000  0000488a  2**0
                  CONTENTS, READONLY, DEBUGGING
  8 .debug_line   0000194a  00000000  00000000  000059e7  2**0
                  CONTENTS, READONLY, DEBUGGING
  9 .debug_frame  00000724  00000000  00000000  00007334  2**2
                  CONTENTS, READONLY, DEBUGGING
 10 .debug_str    00000b50  00000000  00000000  00007a58  2**0
                  CONTENTS, READONLY, DEBUGGING
 11 .debug_loc    000017c5  00000000  00000000  000085a8  2**0
                  CONTENTS, READONLY, DEBUGGING
 12 .debug_ranges 00000258  00000000  00000000  00009d6d  2**0
                  CONTENTS, READONLY, DEBUGGING

Disassembly of section .text:

00000000 <__vectors>:
       0:	0c 94 85 00 	jmp	0x10a	; 0x10a <__ctors_end>
       4:	0c 94 a2 00 	jmp	0x144	; 0x144 <__bad_interrupt>
       8:	0c 94 a2 00 	jmp	0x144	; 0x144 <__bad_interrupt>
       c:	0c 94 a2 00 	jmp	0x144	; 0x144 <__bad_interrupt>
      10:	0c 94 a2 00 	jmp	0x144	; 0x144 <__bad_interrupt>
      14:	0c 94 a2 00 	jmp	0x144	; 0x144 <__bad_interrupt>
      18:	0c 94 a2 00 	jmp	0x144	; 0x144 <__bad_interrupt>
      1c:	0c 94 a2 00 	jmp	0x144	; 0x144 <__bad_interrupt>
      20:	0c 94 a2 00 	jmp	0x144	; 0x144 <__bad_interrupt>
      24:	0c 94 a2 00 	jmp	0x144	; 0x144 <__bad_interrupt>
      28:	0c 94 a2 00 	jmp	0x144	; 0x144 <__bad_interrupt>
      2c:	0c 94 a2 00 	jmp	0x144	; 0x144 <__bad_interrupt>
      30:	0c 94 a2 00 	jmp	0x144	; 0x144 <__bad_interrupt>
      34:	0c 94 a2 00 	jmp	0x144	; 0x144 <__bad_interrupt>
      38:	0c 94 bf 09 	jmp	0x137e	; 0x137e <__vector_14>
      3c:	0c 94 a2 00 	jmp	0x144	; 0x144 <__bad_interrupt>
      40:	0c 94 a2 00 	jmp	0x144	; 0x144 <__bad_interrupt>
      44:	0c 94 a2 00 	jmp	0x144	; 0x144 <__bad_interrupt>
      48:	0c 94 4a 07 	jmp	0xe94	; 0xe94 <__vector_18>
      4c:	0c 94 73 07 	jmp	0xee6	; 0xee6 <__vector_19>
      50:	0c 94 a2 00 	jmp	0x144	; 0x144 <__bad_interrupt>
      54:	0c 94 a2 00 	jmp	0x144	; 0x144 <__bad_interrupt>
      58:	0c 94 a2 00 	jmp	0x144	; 0x144 <__bad_interrupt>
      5c:	0c 94 a2 00 	jmp	0x144	; 0x144 <__bad_interrupt>
      60:	0c 94 ee 08 	jmp	0x11dc	; 0x11dc <__vector_24>
      64:	0c 94 a2 00 	jmp	0x144	; 0x144 <__bad_interrupt>
      68:	0f 09       	sbc	r16, r15
      6a:	9b 09       	sbc	r25, r11
      6c:	9b 09       	sbc	r25, r11
      6e:	9b 09       	sbc	r25, r11
      70:	9b 09       	sbc	r25, r11
      72:	9b 09       	sbc	r25, r11
      74:	9b 09       	sbc	r25, r11
      76:	9b 09       	sbc	r25, r11
      78:	0f 09       	sbc	r16, r15
      7a:	9b 09       	sbc	r25, r11
      7c:	9b 09       	sbc	r25, r11
      7e:	9b 09       	sbc	r25, r11
      80:	9b 09       	sbc	r25, r11
      82:	9b 09       	sbc	r25, r11
      84:	9b 09       	sbc	r25, r11
      86:	9b 09       	sbc	r25, r11
      88:	23 09       	sbc	r18, r3
      8a:	9b 09       	sbc	r25, r11
      8c:	9b 09       	sbc	r25, r11
      8e:	9b 09       	sbc	r25, r11
      90:	9b 09       	sbc	r25, r11
      92:	9b 09       	sbc	r25, r11
      94:	9b 09       	sbc	r25, r11
      96:	9b 09       	sbc	r25, r11
      98:	4c 09       	sbc	r20, r12
      9a:	9b 09       	sbc	r25, r11
      9c:	9b 09       	sbc	r25, r11
      9e:	9b 09       	sbc	r25, r11
      a0:	9b 09       	sbc	r25, r11
      a2:	9b 09       	sbc	r25, r11
      a4:	9b 09       	sbc	r25, r11
      a6:	9b 09       	sbc	r25, r11
      a8:	23 09       	sbc	r18, r3
      aa:	9b 09       	sbc	r25, r11
      ac:	9b 09       	sbc	r25, r11
      ae:	9b 09       	sbc	r25, r11
      b0:	9b 09       	sbc	r25, r11
      b2:	9b 09       	sbc	r25, r11
      b4:	9b 09       	sbc	r25, r11
      b6:	9b 09       	sbc	r25, r11
      b8:	4c 09       	sbc	r20, r12
      ba:	9b 09       	sbc	r25, r11
      bc:	9b 09       	sbc	r25, r11
      be:	9b 09       	sbc	r25, r11
      c0:	9b 09       	sbc	r25, r11
      c2:	9b 09       	sbc	r25, r11
      c4:	9b 09       	sbc	r25, r11
      c6:	9b 09       	sbc	r25, r11
      c8:	50 09       	sbc	r21, r0
      ca:	9b 09       	sbc	r25, r11
      cc:	9b 09       	sbc	r25, r11
      ce:	9b 09       	sbc	r25, r11
      d0:	9b 09       	sbc	r25, r11
      d2:	9b 09       	sbc	r25, r11
      d4:	9b 09       	sbc	r25, r11
      d6:	9b 09       	sbc	r25, r11
      d8:	5c 09       	sbc	r21, r12
      da:	9b 09       	sbc	r25, r11
      dc:	9b 09       	sbc	r25, r11
      de:	9b 09       	sbc	r25, r11
      e0:	9b 09       	sbc	r25, r11
      e2:	9b 09       	sbc	r25, r11
      e4:	9b 09       	sbc	r25, r11
      e6:	9b 09       	sbc	r25, r11
      e8:	4c 09       	sbc	r20, r12
      ea:	9b 09       	sbc	r25, r11
      ec:	9b 09       	sbc	r25, r11
      ee:	9b 09       	sbc	r25, r11
      f0:	9b 09       	sbc	r25, r11
      f2:	9b 09       	sbc	r25, r11
      f4:	9b 09       	sbc	r25, r11
      f6:	9b 09       	sbc	r25, r11
      f8:	68 09       	sbc	r22, r8
      fa:	9b 09       	sbc	r25, r11
      fc:	9b 09       	sbc	r25, r11
      fe:	9b 09       	sbc	r25, r11
     100:	9b 09       	sbc	r25, r11
     102:	9b 09       	sbc	r25, r11
     104:	9b 09       	sbc	r25, r11
     106:	9b 09       	sbc	r25, r11
     108:	89 09       	sbc	r24, r9

0000010a <__ctors_end>:
     10a:	11 24       	eor	r1, r1
     10c:	1f be       	out	0x3f, r1	; 63
     10e:	cf ef       	ldi	r28, 0xFF	; 255
     110:	d8 e0       	ldi	r29, 0x08	; 8
     112:	de bf       	out	0x3e, r29	; 62
     114:	cd bf       	out	0x3d, r28	; 61

00000116 <__do_copy_data>:
     116:	13 e0       	ldi	r17, 0x03	; 3
     118:	a0 e0       	ldi	r26, 0x00	; 0
     11a:	b1 e0       	ldi	r27, 0x01	; 1
     11c:	e0 ea       	ldi	r30, 0xA0	; 160
     11e:	fa e1       	ldi	r31, 0x1A	; 26
     120:	02 c0       	rjmp	.+4      	; 0x126 <__do_copy_data+0x10>
     122:	05 90       	lpm	r0, Z+
     124:	0d 92       	st	X+, r0
     126:	a2 38       	cpi	r26, 0x82	; 130
     128:	b1 07       	cpc	r27, r17
     12a:	d9 f7       	brne	.-10     	; 0x122 <__do_copy_data+0xc>

0000012c <__do_clear_bss>:
     12c:	26 e0       	ldi	r18, 0x06	; 6
     12e:	a2 e8       	ldi	r26, 0x82	; 130
     130:	b3 e0       	ldi	r27, 0x03	; 3
     132:	01 c0       	rjmp	.+2      	; 0x136 <.do_clear_bss_start>

00000134 <.do_clear_bss_loop>:
     134:	1d 92       	st	X+, r1

00000136 <.do_clear_bss_start>:
     136:	ab 30       	cpi	r26, 0x0B	; 11
     138:	b2 07       	cpc	r27, r18
     13a:	e1 f7       	brne	.-8      	; 0x134 <.do_clear_bss_loop>
     13c:	0e 94 af 09 	call	0x135e	; 0x135e <main>
     140:	0c 94 4e 0d 	jmp	0x1a9c	; 0x1a9c <_exit>

00000144 <__bad_interrupt>:
     144:	0c 94 00 00 	jmp	0	; 0x0 <__vectors>

00000148 <dht11_status_str>:
}

/*====[Private functions]========================================*/
static const char *dht11_status_str(dht11_status_t status)
{
	switch(status)
     148:	81 30       	cpi	r24, 0x01	; 1
     14a:	91 f0       	breq	.+36     	; 0x170 <dht11_status_str+0x28>
     14c:	28 f0       	brcs	.+10     	; 0x158 <dht11_status_str+0x10>
     14e:	82 30       	cpi	r24, 0x02	; 2
     150:	31 f0       	breq	.+12     	; 0x15e <dht11_status_str+0x16>
     152:	83 30       	cpi	r24, 0x03	; 3
     154:	39 f0       	breq	.+14     	; 0x164 <dht11_status_str+0x1c>
     156:	09 c0       	rjmp	.+18     	; 0x16a <dht11_status_str+0x22>
	{
		case DHT11_OK:              return "OK";
     158:	81 e0       	ldi	r24, 0x01	; 1
     15a:	91 e0       	ldi	r25, 0x01	; 1
     15c:	08 95       	ret
		case DHT11_ERR_NO_RESPONSE: return "Sin sensor";
		case DHT11_ERR_TIMEOUT:     return "Timeout";
     15e:	8f e0       	ldi	r24, 0x0F	; 15
     160:	91 e0       	ldi	r25, 0x01	; 1
     162:	08 95       	ret
		case DHT11_ERR_CHECKSUM:    return "Error checksum";
     164:	87 e1       	ldi	r24, 0x17	; 23
     166:	91 e0       	ldi	r25, 0x01	; 1
     168:	08 95       	ret
		default:                    return "Error desc.";
     16a:	86 e2       	ldi	r24, 0x26	; 38
     16c:	91 e0       	ldi	r25, 0x01	; 1
     16e:	08 95       	ret
static const char *dht11_status_str(dht11_status_t status)
{
	switch(status)
	{
		case DHT11_OK:              return "OK";
		case DHT11_ERR_NO_RESPONSE: return "Sin sensor";
     170:	84 e0       	ldi	r24, 0x04	; 4
     172:	91 e0       	ldi	r25, 0x01	; 1
		case DHT11_ERR_TIMEOUT:     return "Timeout";
		case DHT11_ERR_CHECKSUM:    return "Error checksum";
		default:                    return "Error desc.";
	}
}
     174:	08 95       	ret

00000176 <rtc_status_str>:

static const char *rtc_status_str(rtc_state_t status)
{
	switch(status)
     176:	81 30       	cpi	r24, 0x01	; 1
     178:	91 f0       	breq	.+36     	; 0x19e <rtc_status_str+0x28>
     17a:	28 f0       	brcs	.+10     	; 0x186 <rtc_status_str+0x10>
     17c:	82 30       	cpi	r24, 0x02	; 2
     17e:	49 f0       	breq	.+18     	; 0x192 <rtc_status_str+0x1c>
     180:	83 30       	cpi	r24, 0x03	; 3
     182:	21 f0       	breq	.+8      	; 0x18c <rtc_status_str+0x16>
     184:	09 c0       	rjmp	.+18     	; 0x198 <rtc_status_str+0x22>
	{
		case RTC_OK: return "OK";
     186:	81 e0       	ldi	r24, 0x01	; 1
     188:	91 e0       	ldi	r25, 0x01	; 1
     18a:	08 95       	ret
		case RTC_BUSY: return "RTC BUSY";
		case RTC_NOT_DONE: return "RTC NOTDONE";
     18c:	8b e3       	ldi	r24, 0x3B	; 59
     18e:	91 e0       	ldi	r25, 0x01	; 1
     190:	08 95       	ret
		case RTC_NOT_INIT: return "RTC NO INICIADO";
     192:	87 e4       	ldi	r24, 0x47	; 71
     194:	91 e0       	ldi	r25, 0x01	; 1
     196:	08 95       	ret
		default: return "Error desc.";
     198:	86 e2       	ldi	r24, 0x26	; 38
     19a:	91 e0       	ldi	r25, 0x01	; 1
     19c:	08 95       	ret
static const char *rtc_status_str(rtc_state_t status)
{
	switch(status)
	{
		case RTC_OK: return "OK";
		case RTC_BUSY: return "RTC BUSY";
     19e:	82 e3       	ldi	r24, 0x32	; 50
     1a0:	91 e0       	ldi	r25, 0x01	; 1
		case RTC_NOT_DONE: return "RTC NOTDONE";
		case RTC_NOT_INIT: return "RTC NO INICIADO";
		default: return "Error desc.";
	}
}
     1a2:	08 95       	ret

000001a4 <is_daytime>:
    }
}

static bool is_daytime(const rtc_time_t *t)
{
    return (t->hour >= DAY_HOUR_START) && (t->hour <= DAY_HOUR_END);
     1a4:	fc 01       	movw	r30, r24
     1a6:	90 81       	ld	r25, Z
     1a8:	97 50       	subi	r25, 0x07	; 7
     1aa:	81 e0       	ldi	r24, 0x01	; 1
     1ac:	9c 30       	cpi	r25, 0x0C	; 12
     1ae:	08 f0       	brcs	.+2      	; 0x1b2 <is_daytime+0xe>
     1b0:	80 e0       	ldi	r24, 0x00	; 0
}
     1b2:	08 95       	ret

000001b4 <check_temp_ok>:

static bool check_temp_ok(int8_t temp, bool day)
{
    if(day)
     1b4:	66 23       	and	r22, r22
     1b6:	39 f0       	breq	.+14     	; 0x1c6 <check_temp_ok+0x12>
        return (temp >= DAY_TEMP_MIN)   && (temp <= DAY_TEMP_MAX);
     1b8:	9c ee       	ldi	r25, 0xEC	; 236
     1ba:	98 0f       	add	r25, r24
     1bc:	81 e0       	ldi	r24, 0x01	; 1
     1be:	9b 30       	cpi	r25, 0x0B	; 11
     1c0:	40 f0       	brcs	.+16     	; 0x1d2 <check_temp_ok+0x1e>
     1c2:	80 e0       	ldi	r24, 0x00	; 0
     1c4:	08 95       	ret
    else
        return (temp >= NIGHT_TEMP_MIN) && (temp <= NIGHT_TEMP_MAX);
     1c6:	91 ef       	ldi	r25, 0xF1	; 241
     1c8:	98 0f       	add	r25, r24
     1ca:	81 e0       	ldi	r24, 0x01	; 1
     1cc:	98 30       	cpi	r25, 0x08	; 8
     1ce:	08 f0       	brcs	.+2      	; 0x1d2 <check_temp_ok+0x1e>
     1d0:	80 e0       	ldi	r24, 0x00	; 0
}
     1d2:	08 95       	ret

000001d4 <check_hum_ok>:

static bool check_hum_ok(uint8_t hum, bool day)
{
    if(day)
     1d4:	66 23       	and	r22, r22
     1d6:	39 f0       	breq	.+14     	; 0x1e6 <check_hum_ok+0x12>
        return (hum >= DAY_HUM_MIN)   && (hum <= DAY_HUM_MAX);
     1d8:	9e ec       	ldi	r25, 0xCE	; 206
     1da:	98 0f       	add	r25, r24
     1dc:	81 e0       	ldi	r24, 0x01	; 1
     1de:	95 31       	cpi	r25, 0x15	; 21
     1e0:	40 f0       	brcs	.+16     	; 0x1f2 <check_hum_ok+0x1e>
     1e2:	80 e0       	ldi	r24, 0x00	; 0
     1e4:	08 95       	ret
    else
        return (hum >= NIGHT_HUM_MIN) && (hum <= NIGHT_HUM_MAX);
     1e6:	94 ec       	ldi	r25, 0xC4	; 196
     1e8:	98 0f       	add	r25, r24
     1ea:	81 e0       	ldi	r24, 0x01	; 1
     1ec:	95 31       	cpi	r25, 0x15	; 21
     1ee:	08 f0       	brcs	.+2      	; 0x1f2 <check_hum_ok+0x1e>
     1f0:	80 e0       	ldi	r24, 0x00	; 0
     1f2:	08 95       	ret

000001f4 <monitor_parse_command>:

	terminal_show_msg(display_msg);
}

static void monitor_parse_command(const char *cmd)
{
     1f4:	ff 92       	push	r15
     1f6:	0f 93       	push	r16
     1f8:	1f 93       	push	r17
     1fa:	cf 93       	push	r28
     1fc:	df 93       	push	r29
     1fe:	cd b7       	in	r28, 0x3d	; 61
     200:	de b7       	in	r29, 0x3e	; 62
     202:	c8 55       	subi	r28, 0x58	; 88
     204:	d1 09       	sbc	r29, r1
     206:	0f b6       	in	r0, 0x3f	; 63
     208:	f8 94       	cli
     20a:	de bf       	out	0x3e, r29	; 62
     20c:	0f be       	out	0x3f, r0	; 63
     20e:	cd bf       	out	0x3d, r28	; 61
     210:	8c 01       	movw	r16, r24
    char resp[DISPLAY_MSG_SIZE];

    if(strncmp(cmd, "SET_TIME=", 9) == 0)
     212:	49 e0       	ldi	r20, 0x09	; 9
     214:	50 e0       	ldi	r21, 0x00	; 0
     216:	67 e5       	ldi	r22, 0x57	; 87
     218:	71 e0       	ldi	r23, 0x01	; 1
     21a:	0e 94 39 0a 	call	0x1472	; 0x1472 <strncmp>
     21e:	89 2b       	or	r24, r25
     220:	09 f0       	breq	.+2      	; 0x224 <monitor_parse_command+0x30>
     222:	9c c0       	rjmp	.+312    	; 0x35c <monitor_parse_command+0x168>
    {
        const char *p = cmd + 9;
     224:	d8 01       	movw	r26, r16
     226:	19 96       	adiw	r26, 0x09	; 9

        if(strlen(p) < 8 || p[2] != ':' || p[5] != ':')
     228:	fd 01       	movw	r30, r26
     22a:	01 90       	ld	r0, Z+
     22c:	00 20       	and	r0, r0
     22e:	e9 f7       	brne	.-6      	; 0x22a <monitor_parse_command+0x36>
     230:	31 97       	sbiw	r30, 0x01	; 1
     232:	ea 1b       	sub	r30, r26
     234:	fb 0b       	sbc	r31, r27
     236:	38 97       	sbiw	r30, 0x08	; 8
     238:	38 f0       	brcs	.+14     	; 0x248 <monitor_parse_command+0x54>
     23a:	f8 01       	movw	r30, r16
     23c:	83 85       	ldd	r24, Z+11	; 0x0b
     23e:	8a 33       	cpi	r24, 0x3A	; 58
     240:	19 f4       	brne	.+6      	; 0x248 <monitor_parse_command+0x54>
     242:	86 85       	ldd	r24, Z+14	; 0x0e
     244:	8a 33       	cpi	r24, 0x3A	; 58
     246:	29 f0       	breq	.+10     	; 0x252 <monitor_parse_command+0x5e>
        {
            terminal_show_msg("Formato:HH:MM:SS");
     248:	81 e6       	ldi	r24, 0x61	; 97
     24a:	91 e0       	ldi	r25, 0x01	; 1
     24c:	0e 94 fb 05 	call	0xbf6	; 0xbf6 <terminal_show_msg>
            return;
     250:	ea c0       	rjmp	.+468    	; 0x426 <__EEPROM_REGION_LENGTH__+0x26>
        }

        if(p[0]<'0'||p[0]>'9'||p[1]<'0'||p[1]>'9'||
     252:	f8 01       	movw	r30, r16
     254:	81 85       	ldd	r24, Z+9	; 0x09
     256:	90 ed       	ldi	r25, 0xD0	; 208
     258:	98 0f       	add	r25, r24
     25a:	9a 30       	cpi	r25, 0x0A	; 10
     25c:	c8 f4       	brcc	.+50     	; 0x290 <monitor_parse_command+0x9c>
     25e:	22 85       	ldd	r18, Z+10	; 0x0a
     260:	20 33       	cpi	r18, 0x30	; 48
     262:	b0 f0       	brcs	.+44     	; 0x290 <monitor_parse_command+0x9c>
     264:	2a 33       	cpi	r18, 0x3A	; 58
     266:	a0 f4       	brcc	.+40     	; 0x290 <monitor_parse_command+0x9c>
           p[3]<'0'||p[3]>'9'||p[4]<'0'||p[4]>'9'||
     268:	44 85       	ldd	r20, Z+12	; 0x0c
        {
            terminal_show_msg("Formato:HH:MM:SS");
            return;
        }

        if(p[0]<'0'||p[0]>'9'||p[1]<'0'||p[1]>'9'||
     26a:	40 33       	cpi	r20, 0x30	; 48
     26c:	88 f0       	brcs	.+34     	; 0x290 <monitor_parse_command+0x9c>
           p[3]<'0'||p[3]>'9'||p[4]<'0'||p[4]>'9'||
     26e:	4a 33       	cpi	r20, 0x3A	; 58
     270:	78 f4       	brcc	.+30     	; 0x290 <monitor_parse_command+0x9c>
     272:	55 85       	ldd	r21, Z+13	; 0x0d
     274:	50 33       	cpi	r21, 0x30	; 48
     276:	60 f0       	brcs	.+24     	; 0x290 <monitor_parse_command+0x9c>
     278:	5a 33       	cpi	r21, 0x3A	; 58
     27a:	50 f4       	brcc	.+20     	; 0x290 <monitor_parse_command+0x9c>
           p[6]<'0'||p[6]>'9'||p[7]<'0'||p[7]>'9')
     27c:	37 85       	ldd	r19, Z+15	; 0x0f
            terminal_show_msg("Formato:HH:MM:SS");
            return;
        }

        if(p[0]<'0'||p[0]>'9'||p[1]<'0'||p[1]>'9'||
           p[3]<'0'||p[3]>'9'||p[4]<'0'||p[4]>'9'||
     27e:	30 33       	cpi	r19, 0x30	; 48
     280:	38 f0       	brcs	.+14     	; 0x290 <monitor_parse_command+0x9c>
           p[6]<'0'||p[6]>'9'||p[7]<'0'||p[7]>'9')
     282:	3a 33       	cpi	r19, 0x3A	; 58
     284:	28 f4       	brcc	.+10     	; 0x290 <monitor_parse_command+0x9c>
     286:	60 89       	ldd	r22, Z+16	; 0x10
     288:	60 33       	cpi	r22, 0x30	; 48
     28a:	10 f0       	brcs	.+4      	; 0x290 <monitor_parse_command+0x9c>
     28c:	6a 33       	cpi	r22, 0x3A	; 58
     28e:	28 f0       	brcs	.+10     	; 0x29a <monitor_parse_command+0xa6>
        {
            terminal_show_msg("Hora invalida");
     290:	82 e7       	ldi	r24, 0x72	; 114
     292:	91 e0       	ldi	r25, 0x01	; 1
     294:	0e 94 fb 05 	call	0xbf6	; 0xbf6 <terminal_show_msg>
            return;
     298:	c6 c0       	rjmp	.+396    	; 0x426 <__EEPROM_REGION_LENGTH__+0x26>
        }

        uint8_t h = (uint8_t)((p[0]-'0')*10 + (p[1]-'0'));
     29a:	90 e0       	ldi	r25, 0x00	; 0
     29c:	c0 97       	sbiw	r24, 0x30	; 48
     29e:	88 0f       	add	r24, r24
     2a0:	98 2f       	mov	r25, r24
     2a2:	99 0f       	add	r25, r25
     2a4:	99 0f       	add	r25, r25
     2a6:	89 0f       	add	r24, r25
     2a8:	28 0f       	add	r18, r24
     2aa:	10 ed       	ldi	r17, 0xD0	; 208
     2ac:	12 0f       	add	r17, r18
        uint8_t m = (uint8_t)((p[3]-'0')*10 + (p[4]-'0'));
     2ae:	84 2f       	mov	r24, r20
     2b0:	90 e0       	ldi	r25, 0x00	; 0
     2b2:	c0 97       	sbiw	r24, 0x30	; 48
     2b4:	88 0f       	add	r24, r24
     2b6:	98 2f       	mov	r25, r24
     2b8:	99 0f       	add	r25, r25
     2ba:	99 0f       	add	r25, r25
     2bc:	89 0f       	add	r24, r25
     2be:	58 0f       	add	r21, r24
     2c0:	00 ed       	ldi	r16, 0xD0	; 208
     2c2:	05 0f       	add	r16, r21
        uint8_t s = (uint8_t)((p[6]-'0')*10 + (p[7]-'0'));
     2c4:	83 2f       	mov	r24, r19
     2c6:	90 e0       	ldi	r25, 0x00	; 0
     2c8:	c0 97       	sbiw	r24, 0x30	; 48
     2ca:	88 0f       	add	r24, r24
     2cc:	98 2f       	mov	r25, r24
     2ce:	99 0f       	add	r25, r25
     2d0:	99 0f       	add	r25, r25
     2d2:	89 0f       	add	r24, r25
     2d4:	68 0f       	add	r22, r24
     2d6:	0f 2e       	mov	r0, r31
     2d8:	f0 ed       	ldi	r31, 0xD0	; 208
     2da:	ff 2e       	mov	r15, r31
     2dc:	f0 2d       	mov	r31, r0
     2de:	f6 0e       	add	r15, r22

        if(h > 23 || m > 59 || s > 59)
     2e0:	18 31       	cpi	r17, 0x18	; 24
     2e2:	28 f4       	brcc	.+10     	; 0x2ee <monitor_parse_command+0xfa>
     2e4:	0c 33       	cpi	r16, 0x3C	; 60
     2e6:	18 f4       	brcc	.+6      	; 0x2ee <monitor_parse_command+0xfa>
     2e8:	fb e3       	ldi	r31, 0x3B	; 59
     2ea:	ff 15       	cp	r31, r15
     2ec:	28 f4       	brcc	.+10     	; 0x2f8 <monitor_parse_command+0x104>
        {
            terminal_show_msg("Hora invalida");
     2ee:	82 e7       	ldi	r24, 0x72	; 114
     2f0:	91 e0       	ldi	r25, 0x01	; 1
     2f2:	0e 94 fb 05 	call	0xbf6	; 0xbf6 <terminal_show_msg>
            return;
     2f6:	97 c0       	rjmp	.+302    	; 0x426 <__EEPROM_REGION_LENGTH__+0x26>
        }

        rtc_time_t new_time = {h, m, s};
     2f8:	67 96       	adiw	r28, 0x17	; 23
     2fa:	1f af       	std	Y+63, r17	; 0x3f
     2fc:	67 97       	sbiw	r28, 0x17	; 23
     2fe:	68 96       	adiw	r28, 0x18	; 24
     300:	0f af       	std	Y+63, r16	; 0x3f
     302:	68 97       	sbiw	r28, 0x18	; 24
     304:	69 96       	adiw	r28, 0x19	; 25
     306:	ff ae       	std	Y+63, r15	; 0x3f
     308:	69 97       	sbiw	r28, 0x19	; 25
        if(rtc_set_time(&new_time))
     30a:	ce 01       	movw	r24, r28
     30c:	8a 5a       	subi	r24, 0xAA	; 170
     30e:	9f 4f       	sbci	r25, 0xFF	; 255
     310:	0e 94 80 04 	call	0x900	; 0x900 <rtc_set_time>
     314:	88 23       	and	r24, r24
     316:	e9 f0       	breq	.+58     	; 0x352 <monitor_parse_command+0x15e>
        {
            snprintf(resp, sizeof(resp), "Hora:%02d:%02d:%02d", h, m, s);
     318:	1f 92       	push	r1
     31a:	ff 92       	push	r15
     31c:	1f 92       	push	r1
     31e:	0f 93       	push	r16
     320:	1f 92       	push	r1
     322:	1f 93       	push	r17
     324:	80 e8       	ldi	r24, 0x80	; 128
     326:	91 e0       	ldi	r25, 0x01	; 1
     328:	9f 93       	push	r25
     32a:	8f 93       	push	r24
     32c:	1f 92       	push	r1
     32e:	85 e5       	ldi	r24, 0x55	; 85
     330:	8f 93       	push	r24
     332:	8e 01       	movw	r16, r28
     334:	0f 5f       	subi	r16, 0xFF	; 255
     336:	1f 4f       	sbci	r17, 0xFF	; 255
     338:	1f 93       	push	r17
     33a:	0f 93       	push	r16
     33c:	0e 94 56 0a 	call	0x14ac	; 0x14ac <snprintf>
            terminal_show_msg(resp);
     340:	c8 01       	movw	r24, r16
     342:	0e 94 fb 05 	call	0xbf6	; 0xbf6 <terminal_show_msg>
     346:	0f b6       	in	r0, 0x3f	; 63
     348:	f8 94       	cli
     34a:	de bf       	out	0x3e, r29	; 62
     34c:	0f be       	out	0x3f, r0	; 63
     34e:	cd bf       	out	0x3d, r28	; 61
     350:	6a c0       	rjmp	.+212    	; 0x426 <__EEPROM_REGION_LENGTH__+0x26>
        }
        else
        {
            terminal_show_msg("Error RTC");
     352:	84 e9       	ldi	r24, 0x94	; 148
     354:	91 e0       	ldi	r25, 0x01	; 1
     356:	0e 94 fb 05 	call	0xbf6	; 0xbf6 <terminal_show_msg>
     35a:	65 c0       	rjmp	.+202    	; 0x426 <__EEPROM_REGION_LENGTH__+0x26>
        }
    }
    else if(strncmp(cmd, "SET_TM=", 7) == 0)
     35c:	47 e0       	ldi	r20, 0x07	; 7
     35e:	50 e0       	ldi	r21, 0x00	; 0
     360:	6e e9       	ldi	r22, 0x9E	; 158
     362:	71 e0       	ldi	r23, 0x01	; 1
     364:	c8 01       	movw	r24, r16
     366:	0e 94 39 0a 	call	0x1472	; 0x1472 <strncmp>
     36a:	89 2b       	or	r24, r25
     36c:	09 f0       	breq	.+2      	; 0x370 <monitor_parse_command+0x17c>
     36e:	57 c0       	rjmp	.+174    	; 0x41e <__EEPROM_REGION_LENGTH__+0x1e>
    {
        const char *p = cmd + 7;
     370:	f8 01       	movw	r30, r16
     372:	37 96       	adiw	r30, 0x07	; 7
        uint8_t val = 0;
     374:	20 e0       	ldi	r18, 0x00	; 0

		while(*p >= '0' && *p <= '9')
     376:	09 c0       	rjmp	.+18     	; 0x38a <monitor_parse_command+0x196>
        {
            val = (uint8_t)(val * 10 + (*p - '0'));
     378:	22 0f       	add	r18, r18
     37a:	82 2f       	mov	r24, r18
     37c:	88 0f       	add	r24, r24
     37e:	88 0f       	add	r24, r24
     380:	28 0f       	add	r18, r24
     382:	92 0f       	add	r25, r18
     384:	20 ed       	ldi	r18, 0xD0	; 208
     386:	29 0f       	add	r18, r25
            p++;
     388:	31 96       	adiw	r30, 0x01	; 1
    else if(strncmp(cmd, "SET_TM=", 7) == 0)
    {
        const char *p = cmd + 7;
        uint8_t val = 0;

		while(*p >= '0' && *p <= '9')
     38a:	90 81       	ld	r25, Z
     38c:	80 ed       	ldi	r24, 0xD0	; 208
     38e:	89 0f       	add	r24, r25
     390:	8a 30       	cpi	r24, 0x0A	; 10
     392:	90 f3       	brcs	.-28     	; 0x378 <monitor_parse_command+0x184>
        {
            val = (uint8_t)(val * 10 + (*p - '0'));
            p++;
        }

        if(*p != '\0')
     394:	99 23       	and	r25, r25
     396:	29 f0       	breq	.+10     	; 0x3a2 <monitor_parse_command+0x1ae>
        {
            terminal_show_msg("Formato: SET_TM=SS");
     398:	86 ea       	ldi	r24, 0xA6	; 166
     39a:	91 e0       	ldi	r25, 0x01	; 1
     39c:	0e 94 fb 05 	call	0xbf6	; 0xbf6 <terminal_show_msg>
            return;
     3a0:	42 c0       	rjmp	.+132    	; 0x426 <__EEPROM_REGION_LENGTH__+0x26>
        }

        if(val < REPORT_INTERVAL_MIN || val > REPORT_INTERVAL_MAX)
     3a2:	8e ef       	ldi	r24, 0xFE	; 254
     3a4:	82 0f       	add	r24, r18
     3a6:	8b 33       	cpi	r24, 0x3B	; 59
     3a8:	e8 f0       	brcs	.+58     	; 0x3e4 <monitor_parse_command+0x1f0>
        {
            snprintf(resp, sizeof(resp),
     3aa:	1f 92       	push	r1
     3ac:	8c e3       	ldi	r24, 0x3C	; 60
     3ae:	8f 93       	push	r24
     3b0:	1f 92       	push	r1
     3b2:	82 e0       	ldi	r24, 0x02	; 2
     3b4:	8f 93       	push	r24
     3b6:	89 eb       	ldi	r24, 0xB9	; 185
     3b8:	91 e0       	ldi	r25, 0x01	; 1
     3ba:	9f 93       	push	r25
     3bc:	8f 93       	push	r24
     3be:	1f 92       	push	r1
     3c0:	85 e5       	ldi	r24, 0x55	; 85
     3c2:	8f 93       	push	r24
     3c4:	8e 01       	movw	r16, r28
     3c6:	0f 5f       	subi	r16, 0xFF	; 255
     3c8:	1f 4f       	sbci	r17, 0xFF	; 255
     3ca:	1f 93       	push	r17
     3cc:	0f 93       	push	r16
     3ce:	0e 94 56 0a 	call	0x14ac	; 0x14ac <snprintf>
                     "Rango:%d-%ds",
                     REPORT_INTERVAL_MIN, REPORT_INTERVAL_MAX);
            terminal_show_msg(resp);
     3d2:	c8 01       	movw	r24, r16
     3d4:	0e 94 fb 05 	call	0xbf6	; 0xbf6 <terminal_show_msg>
            return;
     3d8:	0f b6       	in	r0, 0x3f	; 63
     3da:	f8 94       	cli
     3dc:	de bf       	out	0x3e, r29	; 62
     3de:	0f be       	out	0x3f, r0	; 63
     3e0:	cd bf       	out	0x3d, r28	; 61
     3e2:	21 c0       	rjmp	.+66     	; 0x426 <__EEPROM_REGION_LENGTH__+0x26>
        }

        report_interval = val;
     3e4:	20 93 00 01 	sts	0x0100, r18	; 0x800100 <__DATA_REGION_ORIGIN__>
        report_counter  = 0; 
     3e8:	10 92 d8 03 	sts	0x03D8, r1	; 0x8003d8 <report_counter>
        snprintf(resp, sizeof(resp), "Intervalo:%ds", val);
     3ec:	1f 92       	push	r1
     3ee:	2f 93       	push	r18
     3f0:	86 ec       	ldi	r24, 0xC6	; 198
     3f2:	91 e0       	ldi	r25, 0x01	; 1
     3f4:	9f 93       	push	r25
     3f6:	8f 93       	push	r24
     3f8:	1f 92       	push	r1
     3fa:	85 e5       	ldi	r24, 0x55	; 85
     3fc:	8f 93       	push	r24
     3fe:	8e 01       	movw	r16, r28
     400:	0f 5f       	subi	r16, 0xFF	; 255
     402:	1f 4f       	sbci	r17, 0xFF	; 255
     404:	1f 93       	push	r17
     406:	0f 93       	push	r16
     408:	0e 94 56 0a 	call	0x14ac	; 0x14ac <snprintf>
        terminal_show_msg(resp);
     40c:	c8 01       	movw	r24, r16
     40e:	0e 94 fb 05 	call	0xbf6	; 0xbf6 <terminal_show_msg>
     412:	0f b6       	in	r0, 0x3f	; 63
     414:	f8 94       	cli
     416:	de bf       	out	0x3e, r29	; 62
     418:	0f be       	out	0x3f, r0	; 63
     41a:	cd bf       	out	0x3d, r28	; 61
     41c:	04 c0       	rjmp	.+8      	; 0x426 <__EEPROM_REGION_LENGTH__+0x26>
    }
    else
    {
        terminal_show_msg("Cmd desconocido");
     41e:	84 ed       	ldi	r24, 0xD4	; 212
     420:	91 e0       	ldi	r25, 0x01	; 1
     422:	0e 94 fb 05 	call	0xbf6	; 0xbf6 <terminal_show_msg>
    }
}
     426:	c8 5a       	subi	r28, 0xA8	; 168
     428:	df 4f       	sbci	r29, 0xFF	; 255
     42a:	0f b6       	in	r0, 0x3f	; 63
     42c:	f8 94       	cli
     42e:	de bf       	out	0x3e, r29	; 62
     430:	0f be       	out	0x3f, r0	; 63
     432:	cd bf       	out	0x3d, r28	; 61
     434:	df 91       	pop	r29
     436:	cf 91       	pop	r28
     438:	1f 91       	pop	r17
     43a:	0f 91       	pop	r16
     43c:	ff 90       	pop	r15
     43e:	08 95       	ret

00000440 <monitor_report>:
		default: return "Error desc.";
	}
}

static void monitor_report(void)
{
     440:	df 92       	push	r13
     442:	ef 92       	push	r14
     444:	ff 92       	push	r15
     446:	0f 93       	push	r16
     448:	1f 93       	push	r17
     44a:	cf 93       	push	r28
     44c:	df 93       	push	r29
     44e:	cd b7       	in	r28, 0x3d	; 61
     450:	de b7       	in	r29, 0x3e	; 62
     452:	27 97       	sbiw	r28, 0x07	; 7
     454:	0f b6       	in	r0, 0x3f	; 63
     456:	f8 94       	cli
     458:	de bf       	out	0x3e, r29	; 62
     45a:	0f be       	out	0x3f, r0	; 63
     45c:	cd bf       	out	0x3d, r28	; 61
	rtc_time_t     t;
	dht11_data_t   d;

	rtc_state_t   rtc_status = rtc_get_time(&t);
     45e:	ce 01       	movw	r24, r28
     460:	01 96       	adiw	r24, 0x01	; 1
     462:	0e 94 39 04 	call	0x872	; 0x872 <rtc_get_time>
     466:	18 2f       	mov	r17, r24
	bool rtc_ok = (rtc_status == RTC_OK);

	dht11_status_t dht_status = dht11_read(&d);
     468:	ce 01       	movw	r24, r28
     46a:	04 96       	adiw	r24, 0x04	; 4
     46c:	0e 94 36 08 	call	0x106c	; 0x106c <dht11_read>
     470:	f8 2e       	mov	r15, r24
	bool dht_ok = (dht_status == DHT11_OK);

	bool day     = rtc_ok ? is_daytime(&t) : true;
     472:	11 11       	cpse	r17, r1
     474:	06 c0       	rjmp	.+12     	; 0x482 <monitor_report+0x42>
     476:	ce 01       	movw	r24, r28
     478:	01 96       	adiw	r24, 0x01	; 1
     47a:	0e 94 d2 00 	call	0x1a4	; 0x1a4 <is_daytime>
     47e:	d8 2e       	mov	r13, r24
     480:	02 c0       	rjmp	.+4      	; 0x486 <monitor_report+0x46>
     482:	dd 24       	eor	r13, r13
     484:	d3 94       	inc	r13
	bool temp_ok = (rtc_ok && dht_ok) ? check_temp_ok(d.temperature_int, day) : true;
     486:	11 11       	cpse	r17, r1
     488:	04 c0       	rjmp	.+8      	; 0x492 <monitor_report+0x52>
     48a:	ff 20       	and	r15, r15
     48c:	21 f0       	breq	.+8      	; 0x496 <monitor_report+0x56>
     48e:	81 e0       	ldi	r24, 0x01	; 1
     490:	03 c0       	rjmp	.+6      	; 0x498 <monitor_report+0x58>
     492:	81 e0       	ldi	r24, 0x01	; 1
     494:	01 c0       	rjmp	.+2      	; 0x498 <monitor_report+0x58>
     496:	80 e0       	ldi	r24, 0x00	; 0
     498:	81 70       	andi	r24, 0x01	; 1
     49a:	41 f4       	brne	.+16     	; 0x4ac <monitor_report+0x6c>
     49c:	6d 2d       	mov	r22, r13
     49e:	8e 81       	ldd	r24, Y+6	; 0x06
     4a0:	0e 94 da 00 	call	0x1b4	; 0x1b4 <check_temp_ok>
     4a4:	81 11       	cpse	r24, r1
     4a6:	05 c0       	rjmp	.+10     	; 0x4b2 <monitor_report+0x72>
     4a8:	e1 2c       	mov	r14, r1
     4aa:	05 c0       	rjmp	.+10     	; 0x4b6 <monitor_report+0x76>
     4ac:	ee 24       	eor	r14, r14
     4ae:	e3 94       	inc	r14
     4b0:	02 c0       	rjmp	.+4      	; 0x4b6 <monitor_report+0x76>
     4b2:	ee 24       	eor	r14, r14
     4b4:	e3 94       	inc	r14
	bool hum_ok  = (rtc_ok && dht_ok) ? check_hum_ok(d.humidity_int,  day) : true;
     4b6:	11 11       	cpse	r17, r1
     4b8:	04 c0       	rjmp	.+8      	; 0x4c2 <monitor_report+0x82>
     4ba:	ff 20       	and	r15, r15
     4bc:	21 f0       	breq	.+8      	; 0x4c6 <monitor_report+0x86>
     4be:	81 e0       	ldi	r24, 0x01	; 1
     4c0:	03 c0       	rjmp	.+6      	; 0x4c8 <monitor_report+0x88>
     4c2:	81 e0       	ldi	r24, 0x01	; 1
     4c4:	01 c0       	rjmp	.+2      	; 0x4c8 <monitor_report+0x88>
     4c6:	80 e0       	ldi	r24, 0x00	; 0
     4c8:	81 70       	andi	r24, 0x01	; 1
     4ca:	41 f4       	brne	.+16     	; 0x4dc <monitor_report+0x9c>
     4cc:	6d 2d       	mov	r22, r13
     4ce:	8c 81       	ldd	r24, Y+4	; 0x04
     4d0:	0e 94 ea 00 	call	0x1d4	; 0x1d4 <check_hum_ok>
     4d4:	81 11       	cpse	r24, r1
     4d6:	04 c0       	rjmp	.+8      	; 0x4e0 <monitor_report+0xa0>
     4d8:	90 e0       	ldi	r25, 0x00	; 0
     4da:	03 c0       	rjmp	.+6      	; 0x4e2 <monitor_report+0xa2>
     4dc:	91 e0       	ldi	r25, 0x01	; 1
     4de:	01 c0       	rjmp	.+2      	; 0x4e2 <monitor_report+0xa2>
     4e0:	91 e0       	ldi	r25, 0x01	; 1
	bool alert   = !temp_ok || !hum_ok;
     4e2:	ee 20       	and	r14, r14
     4e4:	21 f0       	breq	.+8      	; 0x4ee <monitor_report+0xae>
     4e6:	91 11       	cpse	r25, r1
     4e8:	04 c0       	rjmp	.+8      	; 0x4f2 <monitor_report+0xb2>
     4ea:	81 e0       	ldi	r24, 0x01	; 1
     4ec:	03 c0       	rjmp	.+6      	; 0x4f4 <monitor_report+0xb4>
     4ee:	81 e0       	ldi	r24, 0x01	; 1
     4f0:	01 c0       	rjmp	.+2      	; 0x4f4 <monitor_report+0xb4>
     4f2:	80 e0       	ldi	r24, 0x00	; 0
     4f4:	08 2f       	mov	r16, r24
     4f6:	01 70       	andi	r16, 0x01	; 1

	if(!rtc_ok && !dht_ok)
     4f8:	11 23       	and	r17, r17
     4fa:	09 f1       	breq	.+66     	; 0x53e <monitor_report+0xfe>
     4fc:	ff 20       	and	r15, r15
     4fe:	f9 f0       	breq	.+62     	; 0x53e <monitor_report+0xfe>
	{
		snprintf(display_msg, sizeof(display_msg),
     500:	8f 2d       	mov	r24, r15
     502:	0e 94 a4 00 	call	0x148	; 0x148 <dht11_status_str>
     506:	f8 2e       	mov	r15, r24
     508:	e9 2e       	mov	r14, r25
     50a:	81 2f       	mov	r24, r17
     50c:	0e 94 bb 00 	call	0x176	; 0x176 <rtc_status_str>
     510:	ef 92       	push	r14
     512:	ff 92       	push	r15
     514:	9f 93       	push	r25
     516:	8f 93       	push	r24
     518:	82 e0       	ldi	r24, 0x02	; 2
     51a:	92 e0       	ldi	r25, 0x02	; 2
     51c:	9f 93       	push	r25
     51e:	8f 93       	push	r24
     520:	1f 92       	push	r1
     522:	85 e5       	ldi	r24, 0x55	; 85
     524:	8f 93       	push	r24
     526:	82 e8       	ldi	r24, 0x82	; 130
     528:	93 e0       	ldi	r25, 0x03	; 3
     52a:	9f 93       	push	r25
     52c:	8f 93       	push	r24
     52e:	0e 94 56 0a 	call	0x14ac	; 0x14ac <snprintf>
     532:	0f b6       	in	r0, 0x3f	; 63
     534:	f8 94       	cli
     536:	de bf       	out	0x3e, r29	; 62
     538:	0f be       	out	0x3f, r0	; 63
     53a:	cd bf       	out	0x3d, r28	; 61
     53c:	f6 c0       	rjmp	.+492    	; 0x72a <monitor_report+0x2ea>
		"\n%s | %s", rtc_status_str(rtc_status), dht11_status_str(dht_status));
	}
	else if(!rtc_ok)
     53e:	11 23       	and	r17, r17
     540:	f1 f0       	breq	.+60     	; 0x57e <monitor_report+0x13e>
	{
		snprintf(display_msg, sizeof(display_msg),
		"\n%s | T:%dC H:%d%% | Estado: -", rtc_status_str(rtc_status),
		d.temperature_int, d.humidity_int);
     542:	ec 80       	ldd	r14, Y+4	; 0x04
     544:	fe 80       	ldd	r15, Y+6	; 0x06
		snprintf(display_msg, sizeof(display_msg),
		"\n%s | %s", rtc_status_str(rtc_status), dht11_status_str(dht_status));
	}
	else if(!rtc_ok)
	{
		snprintf(display_msg, sizeof(display_msg),
     546:	81 2f       	mov	r24, r17
     548:	0e 94 bb 00 	call	0x176	; 0x176 <rtc_status_str>
     54c:	1f 92       	push	r1
     54e:	ef 92       	push	r14
     550:	1f 92       	push	r1
     552:	ff 92       	push	r15
     554:	9f 93       	push	r25
     556:	8f 93       	push	r24
     558:	8b e0       	ldi	r24, 0x0B	; 11
     55a:	92 e0       	ldi	r25, 0x02	; 2
     55c:	9f 93       	push	r25
     55e:	8f 93       	push	r24
     560:	1f 92       	push	r1
     562:	85 e5       	ldi	r24, 0x55	; 85
     564:	8f 93       	push	r24
     566:	82 e8       	ldi	r24, 0x82	; 130
     568:	93 e0       	ldi	r25, 0x03	; 3
     56a:	9f 93       	push	r25
     56c:	8f 93       	push	r24
     56e:	0e 94 56 0a 	call	0x14ac	; 0x14ac <snprintf>
     572:	0f b6       	in	r0, 0x3f	; 63
     574:	f8 94       	cli
     576:	de bf       	out	0x3e, r29	; 62
     578:	0f be       	out	0x3f, r0	; 63
     57a:	cd bf       	out	0x3d, r28	; 61
     57c:	d6 c0       	rjmp	.+428    	; 0x72a <monitor_report+0x2ea>
		"\n%s | T:%dC H:%d%% | Estado: -", rtc_status_str(rtc_status),
		d.temperature_int, d.humidity_int);
	}
	else if(!dht_ok)
     57e:	ff 20       	and	r15, r15
     580:	09 f1       	breq	.+66     	; 0x5c4 <monitor_report+0x184>
	{
		snprintf(display_msg, sizeof(display_msg),
     582:	8f 2d       	mov	r24, r15
     584:	0e 94 a4 00 	call	0x148	; 0x148 <dht11_status_str>
		"\n[%02d:%02d:%02d] | %s | Estado: -",
		t.hour, t.min, t.sec, dht11_status_str(dht_status));
     588:	4b 81       	ldd	r20, Y+3	; 0x03
     58a:	3a 81       	ldd	r19, Y+2	; 0x02
     58c:	29 81       	ldd	r18, Y+1	; 0x01
		"\n%s | T:%dC H:%d%% | Estado: -", rtc_status_str(rtc_status),
		d.temperature_int, d.humidity_int);
	}
	else if(!dht_ok)
	{
		snprintf(display_msg, sizeof(display_msg),
     58e:	9f 93       	push	r25
     590:	8f 93       	push	r24
     592:	1f 92       	push	r1
     594:	4f 93       	push	r20
     596:	1f 92       	push	r1
     598:	3f 93       	push	r19
     59a:	1f 92       	push	r1
     59c:	2f 93       	push	r18
     59e:	8a e2       	ldi	r24, 0x2A	; 42
     5a0:	92 e0       	ldi	r25, 0x02	; 2
     5a2:	9f 93       	push	r25
     5a4:	8f 93       	push	r24
     5a6:	1f 92       	push	r1
     5a8:	85 e5       	ldi	r24, 0x55	; 85
     5aa:	8f 93       	push	r24
     5ac:	82 e8       	ldi	r24, 0x82	; 130
     5ae:	93 e0       	ldi	r25, 0x03	; 3
     5b0:	9f 93       	push	r25
     5b2:	8f 93       	push	r24
     5b4:	0e 94 56 0a 	call	0x14ac	; 0x14ac <snprintf>
     5b8:	0f b6       	in	r0, 0x3f	; 63
     5ba:	f8 94       	cli
     5bc:	de bf       	out	0x3e, r29	; 62
     5be:	0f be       	out	0x3f, r0	; 63
     5c0:	cd bf       	out	0x3d, r28	; 61
     5c2:	b3 c0       	rjmp	.+358    	; 0x72a <monitor_report+0x2ea>
		"\n[%02d:%02d:%02d] | %s | Estado: -",
		t.hour, t.min, t.sec, dht11_status_str(dht_status));
	}
	else if(alert && (alert_frame_counter == ALERT_PERIOD_FRAMES - 1))
     5c4:	00 23       	and	r16, r16
     5c6:	09 f4       	brne	.+2      	; 0x5ca <monitor_report+0x18a>
     5c8:	86 c0       	rjmp	.+268    	; 0x6d6 <monitor_report+0x296>
     5ca:	80 91 d7 03 	lds	r24, 0x03D7	; 0x8003d7 <alert_frame_counter>
     5ce:	81 30       	cpi	r24, 0x01	; 1
     5d0:	09 f0       	breq	.+2      	; 0x5d4 <monitor_report+0x194>
     5d2:	81 c0       	rjmp	.+258    	; 0x6d6 <monitor_report+0x296>
	{
		if(!temp_ok && !hum_ok)
     5d4:	e1 10       	cpse	r14, r1
     5d6:	2d c0       	rjmp	.+90     	; 0x632 <monitor_report+0x1f2>
     5d8:	91 11       	cpse	r25, r1
     5da:	2b c0       	rjmp	.+86     	; 0x632 <monitor_report+0x1f2>
		{
			snprintf(display_msg, sizeof(display_msg),
			"\n[ALERTA] [%02d:%02d:%02d] Temperatura y humedad fuera de rango %s! Valores: %dC %d%%",
			t.hour, t.min, t.sec, day? "diurno":"nocturno", d.temperature_int, d.humidity_int);
     5dc:	6c 81       	ldd	r22, Y+4	; 0x04
     5de:	5e 81       	ldd	r21, Y+6	; 0x06
	}
	else if(alert && (alert_frame_counter == ALERT_PERIOD_FRAMES - 1))
	{
		if(!temp_ok && !hum_ok)
		{
			snprintf(display_msg, sizeof(display_msg),
     5e0:	dd 20       	and	r13, r13
     5e2:	19 f0       	breq	.+6      	; 0x5ea <monitor_report+0x1aa>
     5e4:	84 ee       	ldi	r24, 0xE4	; 228
     5e6:	91 e0       	ldi	r25, 0x01	; 1
     5e8:	02 c0       	rjmp	.+4      	; 0x5ee <monitor_report+0x1ae>
     5ea:	8b ee       	ldi	r24, 0xEB	; 235
     5ec:	91 e0       	ldi	r25, 0x01	; 1
			"\n[ALERTA] [%02d:%02d:%02d] Temperatura y humedad fuera de rango %s! Valores: %dC %d%%",
			t.hour, t.min, t.sec, day? "diurno":"nocturno", d.temperature_int, d.humidity_int);
     5ee:	4b 81       	ldd	r20, Y+3	; 0x03
     5f0:	3a 81       	ldd	r19, Y+2	; 0x02
     5f2:	29 81       	ldd	r18, Y+1	; 0x01
	}
	else if(alert && (alert_frame_counter == ALERT_PERIOD_FRAMES - 1))
	{
		if(!temp_ok && !hum_ok)
		{
			snprintf(display_msg, sizeof(display_msg),
     5f4:	1f 92       	push	r1
     5f6:	6f 93       	push	r22
     5f8:	1f 92       	push	r1
     5fa:	5f 93       	push	r21
     5fc:	9f 93       	push	r25
     5fe:	8f 93       	push	r24
     600:	1f 92       	push	r1
     602:	4f 93       	push	r20
     604:	1f 92       	push	r1
     606:	3f 93       	push	r19
     608:	1f 92       	push	r1
     60a:	2f 93       	push	r18
     60c:	8d e4       	ldi	r24, 0x4D	; 77
     60e:	92 e0       	ldi	r25, 0x02	; 2
     610:	9f 93       	push	r25
     612:	8f 93       	push	r24
     614:	1f 92       	push	r1
     616:	85 e5       	ldi	r24, 0x55	; 85
     618:	8f 93       	push	r24
     61a:	82 e8       	ldi	r24, 0x82	; 130
     61c:	93 e0       	ldi	r25, 0x03	; 3
     61e:	9f 93       	push	r25
     620:	8f 93       	push	r24
     622:	0e 94 56 0a 	call	0x14ac	; 0x14ac <snprintf>
     626:	0f b6       	in	r0, 0x3f	; 63
     628:	f8 94       	cli
     62a:	de bf       	out	0x3e, r29	; 62
     62c:	0f be       	out	0x3f, r0	; 63
     62e:	cd bf       	out	0x3d, r28	; 61
     630:	7c c0       	rjmp	.+248    	; 0x72a <monitor_report+0x2ea>
			"\n[ALERTA] [%02d:%02d:%02d] Temperatura y humedad fuera de rango %s! Valores: %dC %d%%",
			t.hour, t.min, t.sec, day? "diurno":"nocturno", d.temperature_int, d.humidity_int);
		}
		else
		{
			if(!temp_ok)
     632:	e1 10       	cpse	r14, r1
     634:	28 c0       	rjmp	.+80     	; 0x686 <monitor_report+0x246>
			snprintf(display_msg, sizeof(display_msg),
			"\n[ALERTA] [%02d:%02d:%02d] Temperatura fuera de rango %s! Valor: %dC",
			t.hour, t.min, t.sec, day? "diurno":"nocturno", d.temperature_int);
     636:	5e 81       	ldd	r21, Y+6	; 0x06
			t.hour, t.min, t.sec, day? "diurno":"nocturno", d.temperature_int, d.humidity_int);
		}
		else
		{
			if(!temp_ok)
			snprintf(display_msg, sizeof(display_msg),
     638:	dd 20       	and	r13, r13
     63a:	19 f0       	breq	.+6      	; 0x642 <monitor_report+0x202>
     63c:	84 ee       	ldi	r24, 0xE4	; 228
     63e:	91 e0       	ldi	r25, 0x01	; 1
     640:	02 c0       	rjmp	.+4      	; 0x646 <monitor_report+0x206>
     642:	8b ee       	ldi	r24, 0xEB	; 235
     644:	91 e0       	ldi	r25, 0x01	; 1
			"\n[ALERTA] [%02d:%02d:%02d] Temperatura fuera de rango %s! Valor: %dC",
			t.hour, t.min, t.sec, day? "diurno":"nocturno", d.temperature_int);
     646:	4b 81       	ldd	r20, Y+3	; 0x03
     648:	3a 81       	ldd	r19, Y+2	; 0x02
     64a:	29 81       	ldd	r18, Y+1	; 0x01
			t.hour, t.min, t.sec, day? "diurno":"nocturno", d.temperature_int, d.humidity_int);
		}
		else
		{
			if(!temp_ok)
			snprintf(display_msg, sizeof(display_msg),
     64c:	1f 92       	push	r1
     64e:	5f 93       	push	r21
     650:	9f 93       	push	r25
     652:	8f 93       	push	r24
     654:	1f 92       	push	r1
     656:	4f 93       	push	r20
     658:	1f 92       	push	r1
     65a:	3f 93       	push	r19
     65c:	1f 92       	push	r1
     65e:	2f 93       	push	r18
     660:	83 ea       	ldi	r24, 0xA3	; 163
     662:	92 e0       	ldi	r25, 0x02	; 2
     664:	9f 93       	push	r25
     666:	8f 93       	push	r24
     668:	1f 92       	push	r1
     66a:	85 e5       	ldi	r24, 0x55	; 85
     66c:	8f 93       	push	r24
     66e:	82 e8       	ldi	r24, 0x82	; 130
     670:	93 e0       	ldi	r25, 0x03	; 3
     672:	9f 93       	push	r25
     674:	8f 93       	push	r24
     676:	0e 94 56 0a 	call	0x14ac	; 0x14ac <snprintf>
     67a:	0f b6       	in	r0, 0x3f	; 63
     67c:	f8 94       	cli
     67e:	de bf       	out	0x3e, r29	; 62
     680:	0f be       	out	0x3f, r0	; 63
     682:	cd bf       	out	0x3d, r28	; 61
     684:	52 c0       	rjmp	.+164    	; 0x72a <monitor_report+0x2ea>
			"\n[ALERTA] [%02d:%02d:%02d] Temperatura fuera de rango %s! Valor: %dC",
			t.hour, t.min, t.sec, day? "diurno":"nocturno", d.temperature_int);
			else
			snprintf(display_msg, sizeof(display_msg),
			"\n[ALERTA] [%02d:%02d:%02d] Humedad fuera de rango %s! Valor: %d%%",
			t.hour, t.min, t.sec, day? "diurno":"nocturno", d.humidity_int);
     686:	5c 81       	ldd	r21, Y+4	; 0x04
			if(!temp_ok)
			snprintf(display_msg, sizeof(display_msg),
			"\n[ALERTA] [%02d:%02d:%02d] Temperatura fuera de rango %s! Valor: %dC",
			t.hour, t.min, t.sec, day? "diurno":"nocturno", d.temperature_int);
			else
			snprintf(display_msg, sizeof(display_msg),
     688:	dd 20       	and	r13, r13
     68a:	19 f0       	breq	.+6      	; 0x692 <monitor_report+0x252>
     68c:	84 ee       	ldi	r24, 0xE4	; 228
     68e:	91 e0       	ldi	r25, 0x01	; 1
     690:	02 c0       	rjmp	.+4      	; 0x696 <monitor_report+0x256>
     692:	8b ee       	ldi	r24, 0xEB	; 235
     694:	91 e0       	ldi	r25, 0x01	; 1
			"\n[ALERTA] [%02d:%02d:%02d] Humedad fuera de rango %s! Valor: %d%%",
			t.hour, t.min, t.sec, day? "diurno":"nocturno", d.humidity_int);
     696:	4b 81       	ldd	r20, Y+3	; 0x03
     698:	3a 81       	ldd	r19, Y+2	; 0x02
     69a:	29 81       	ldd	r18, Y+1	; 0x01
			if(!temp_ok)
			snprintf(display_msg, sizeof(display_msg),
			"\n[ALERTA] [%02d:%02d:%02d] Temperatura fuera de rango %s! Valor: %dC",
			t.hour, t.min, t.sec, day? "diurno":"nocturno", d.temperature_int);
			else
			snprintf(display_msg, sizeof(display_msg),
     69c:	1f 92       	push	r1
     69e:	5f 93       	push	r21
     6a0:	9f 93       	push	r25
     6a2:	8f 93       	push	r24
     6a4:	1f 92       	push	r1
     6a6:	4f 93       	push	r20
     6a8:	1f 92       	push	r1
     6aa:	3f 93       	push	r19
     6ac:	1f 92       	push	r1
     6ae:	2f 93       	push	r18
     6b0:	88 ee       	ldi	r24, 0xE8	; 232
     6b2:	92 e0       	ldi	r25, 0x02	; 2
     6b4:	9f 93       	push	r25
     6b6:	8f 93       	push	r24
     6b8:	1f 92       	push	r1
     6ba:	85 e5       	ldi	r24, 0x55	; 85
     6bc:	8f 93       	push	r24
     6be:	82 e8       	ldi	r24, 0x82	; 130
     6c0:	93 e0       	ldi	r25, 0x03	; 3
     6c2:	9f 93       	push	r25
     6c4:	8f 93       	push	r24
     6c6:	0e 94 56 0a 	call	0x14ac	; 0x14ac <snprintf>
     6ca:	0f b6       	in	r0, 0x3f	; 63
     6cc:	f8 94       	cli
     6ce:	de bf       	out	0x3e, r29	; 62
     6d0:	0f be       	out	0x3f, r0	; 63
     6d2:	cd bf       	out	0x3d, r28	; 61
     6d4:	2a c0       	rjmp	.+84     	; 0x72a <monitor_report+0x2ea>
			t.hour, t.min, t.sec, day? "diurno":"nocturno", d.humidity_int);
		}
	}
	else
	{
		snprintf(display_msg, sizeof(display_msg),
     6d6:	00 23       	and	r16, r16
     6d8:	19 f0       	breq	.+6      	; 0x6e0 <monitor_report+0x2a0>
     6da:	84 ef       	ldi	r24, 0xF4	; 244
     6dc:	91 e0       	ldi	r25, 0x01	; 1
     6de:	02 c0       	rjmp	.+4      	; 0x6e4 <monitor_report+0x2a4>
     6e0:	8b ef       	ldi	r24, 0xFB	; 251
     6e2:	91 e0       	ldi	r25, 0x01	; 1
		"\n[%02d:%02d:%02d] | T:%dC | H:%d%% | Estado: %s",
		t.hour, t.min, t.sec,
		d.temperature_int, d.humidity_int,
     6e4:	6c 81       	ldd	r22, Y+4	; 0x04
     6e6:	5e 81       	ldd	r21, Y+6	; 0x06
	}
	else
	{
		snprintf(display_msg, sizeof(display_msg),
		"\n[%02d:%02d:%02d] | T:%dC | H:%d%% | Estado: %s",
		t.hour, t.min, t.sec,
     6e8:	4b 81       	ldd	r20, Y+3	; 0x03
     6ea:	3a 81       	ldd	r19, Y+2	; 0x02
     6ec:	29 81       	ldd	r18, Y+1	; 0x01
			t.hour, t.min, t.sec, day? "diurno":"nocturno", d.humidity_int);
		}
	}
	else
	{
		snprintf(display_msg, sizeof(display_msg),
     6ee:	9f 93       	push	r25
     6f0:	8f 93       	push	r24
     6f2:	1f 92       	push	r1
     6f4:	6f 93       	push	r22
     6f6:	1f 92       	push	r1
     6f8:	5f 93       	push	r21
     6fa:	1f 92       	push	r1
     6fc:	4f 93       	push	r20
     6fe:	1f 92       	push	r1
     700:	3f 93       	push	r19
     702:	1f 92       	push	r1
     704:	2f 93       	push	r18
     706:	8a e2       	ldi	r24, 0x2A	; 42
     708:	93 e0       	ldi	r25, 0x03	; 3
     70a:	9f 93       	push	r25
     70c:	8f 93       	push	r24
     70e:	1f 92       	push	r1
     710:	85 e5       	ldi	r24, 0x55	; 85
     712:	8f 93       	push	r24
     714:	82 e8       	ldi	r24, 0x82	; 130
     716:	93 e0       	ldi	r25, 0x03	; 3
     718:	9f 93       	push	r25
     71a:	8f 93       	push	r24
     71c:	0e 94 56 0a 	call	0x14ac	; 0x14ac <snprintf>
     720:	0f b6       	in	r0, 0x3f	; 63
     722:	f8 94       	cli
     724:	de bf       	out	0x3e, r29	; 62
     726:	0f be       	out	0x3f, r0	; 63
     728:	cd bf       	out	0x3d, r28	; 61
		t.hour, t.min, t.sec,
		d.temperature_int, d.humidity_int,
		alert ? "ALERTA" : "NORMAL");
	}

	display_msg[sizeof(display_msg) - 1] = '\0';
     72a:	10 92 d6 03 	sts	0x03D6, r1	; 0x8003d6 <__data_end+0x54>

	if(alert)
     72e:	00 23       	and	r16, r16
     730:	79 f0       	breq	.+30     	; 0x750 <monitor_report+0x310>
	alert_frame_counter = (alert_frame_counter + 1) % ALERT_PERIOD_FRAMES;
     732:	80 91 d7 03 	lds	r24, 0x03D7	; 0x8003d7 <alert_frame_counter>
     736:	90 e0       	ldi	r25, 0x00	; 0
     738:	01 96       	adiw	r24, 0x01	; 1
     73a:	81 70       	andi	r24, 0x01	; 1
     73c:	90 78       	andi	r25, 0x80	; 128
     73e:	99 23       	and	r25, r25
     740:	24 f4       	brge	.+8      	; 0x74a <monitor_report+0x30a>
     742:	01 97       	sbiw	r24, 0x01	; 1
     744:	8e 6f       	ori	r24, 0xFE	; 254
     746:	9f 6f       	ori	r25, 0xFF	; 255
     748:	01 96       	adiw	r24, 0x01	; 1
     74a:	80 93 d7 03 	sts	0x03D7, r24	; 0x8003d7 <alert_frame_counter>
     74e:	02 c0       	rjmp	.+4      	; 0x754 <monitor_report+0x314>
	else
	alert_frame_counter = 0;
     750:	10 92 d7 03 	sts	0x03D7, r1	; 0x8003d7 <alert_frame_counter>

	terminal_show_msg(display_msg);
     754:	82 e8       	ldi	r24, 0x82	; 130
     756:	93 e0       	ldi	r25, 0x03	; 3
     758:	0e 94 fb 05 	call	0xbf6	; 0xbf6 <terminal_show_msg>
}
     75c:	27 96       	adiw	r28, 0x07	; 7
     75e:	0f b6       	in	r0, 0x3f	; 63
     760:	f8 94       	cli
     762:	de bf       	out	0x3e, r29	; 62
     764:	0f be       	out	0x3f, r0	; 63
     766:	cd bf       	out	0x3d, r28	; 61
     768:	df 91       	pop	r29
     76a:	cf 91       	pop	r28
     76c:	1f 91       	pop	r17
     76e:	0f 91       	pop	r16
     770:	ff 90       	pop	r15
     772:	ef 90       	pop	r14
     774:	df 90       	pop	r13
     776:	08 95       	ret

00000778 <monitor_init>:
static bool check_hum_ok(uint8_t hum, bool day);

/*====[Public functions]=========================================*/
void monitor_init(void)
{
    terminal_init(F_CPU, "Iniciando monitor...");
     778:	4a e5       	ldi	r20, 0x5A	; 90
     77a:	53 e0       	ldi	r21, 0x03	; 3
     77c:	60 e0       	ldi	r22, 0x00	; 0
     77e:	74 e2       	ldi	r23, 0x24	; 36
     780:	84 ef       	ldi	r24, 0xF4	; 244
     782:	90 e0       	ldi	r25, 0x00	; 0
     784:	0e 94 0f 06 	call	0xc1e	; 0xc1e <terminal_init>
    timer_init();
     788:	0e 94 b5 09 	call	0x136a	; 0x136a <timer_init>
	twi_init(F_CPU,100000);
     78c:	20 ea       	ldi	r18, 0xA0	; 160
     78e:	36 e8       	ldi	r19, 0x86	; 134
     790:	41 e0       	ldi	r20, 0x01	; 1
     792:	50 e0       	ldi	r21, 0x00	; 0
     794:	60 e0       	ldi	r22, 0x00	; 0
     796:	74 e2       	ldi	r23, 0x24	; 36
     798:	84 ef       	ldi	r24, 0xF4	; 244
     79a:	90 e0       	ldi	r25, 0x00	; 0
     79c:	0e 94 79 08 	call	0x10f2	; 0x10f2 <twi_init>

    report_interval     = REPORT_INTERVAL_DEFAULT;
     7a0:	85 e0       	ldi	r24, 0x05	; 5
     7a2:	80 93 00 01 	sts	0x0100, r24	; 0x800100 <__DATA_REGION_ORIGIN__>
    report_counter      = 0;
     7a6:	10 92 d8 03 	sts	0x03D8, r1	; 0x8003d8 <report_counter>
    alert_frame_counter = 0;
     7aa:	10 92 d7 03 	sts	0x03D7, r1	; 0x8003d7 <alert_frame_counter>

    strncpy(display_msg, "Sin datos", sizeof(display_msg) - 1);
     7ae:	44 e5       	ldi	r20, 0x54	; 84
     7b0:	50 e0       	ldi	r21, 0x00	; 0
     7b2:	6f e6       	ldi	r22, 0x6F	; 111
     7b4:	73 e0       	ldi	r23, 0x03	; 3
     7b6:	82 e8       	ldi	r24, 0x82	; 130
     7b8:	93 e0       	ldi	r25, 0x03	; 3
     7ba:	0e 94 47 0a 	call	0x148e	; 0x148e <strncpy>
    display_msg[sizeof(display_msg) - 1] = '\0';
     7be:	10 92 d6 03 	sts	0x03D6, r1	; 0x8003d6 <__data_end+0x54>
     7c2:	08 95       	ret

000007c4 <monitor_dispatch>:
}

void monitor_dispatch(void)
{
     7c4:	cf 93       	push	r28
     7c6:	df 93       	push	r29
     7c8:	cd b7       	in	r28, 0x3d	; 61
     7ca:	de b7       	in	r29, 0x3e	; 62
     7cc:	c0 54       	subi	r28, 0x40	; 64
     7ce:	d1 09       	sbc	r29, r1
     7d0:	0f b6       	in	r0, 0x3f	; 63
     7d2:	f8 94       	cli
     7d4:	de bf       	out	0x3e, r29	; 62
     7d6:	0f be       	out	0x3f, r0	; 63
     7d8:	cd bf       	out	0x3d, r28	; 61
    terminal_dispatch();
     7da:	0e 94 c9 05 	call	0xb92	; 0xb92 <terminal_dispatch>

    if(terminal_line_available())
     7de:	0e 94 20 06 	call	0xc40	; 0xc40 <terminal_line_available>
     7e2:	88 23       	and	r24, r24
     7e4:	59 f0       	breq	.+22     	; 0x7fc <monitor_dispatch+0x38>
    {
        char cmd[64];
        if(terminal_get_line(cmd, sizeof(cmd)))
     7e6:	60 e4       	ldi	r22, 0x40	; 64
     7e8:	ce 01       	movw	r24, r28
     7ea:	01 96       	adiw	r24, 0x01	; 1
     7ec:	0e 94 23 06 	call	0xc46	; 0xc46 <terminal_get_line>
     7f0:	88 23       	and	r24, r24
     7f2:	21 f0       	breq	.+8      	; 0x7fc <monitor_dispatch+0x38>
            monitor_parse_command(cmd);
     7f4:	ce 01       	movw	r24, r28
     7f6:	01 96       	adiw	r24, 0x01	; 1
     7f8:	0e 94 fa 00 	call	0x1f4	; 0x1f4 <monitor_parse_command>
    }

    if(FLAG_TIMER)
     7fc:	80 91 09 06 	lds	r24, 0x0609	; 0x800609 <FLAG_TIMER>
     800:	88 23       	and	r24, r24
     802:	79 f0       	breq	.+30     	; 0x822 <__DATA_REGION_LENGTH__+0x22>
    {
        FLAG_TIMER = 0;
     804:	10 92 09 06 	sts	0x0609, r1	; 0x800609 <FLAG_TIMER>
        report_counter++;
     808:	80 91 d8 03 	lds	r24, 0x03D8	; 0x8003d8 <report_counter>
     80c:	8f 5f       	subi	r24, 0xFF	; 255
     80e:	80 93 d8 03 	sts	0x03D8, r24	; 0x8003d8 <report_counter>
        if(report_counter >= report_interval)
     812:	90 91 00 01 	lds	r25, 0x0100	; 0x800100 <__DATA_REGION_ORIGIN__>
     816:	89 17       	cp	r24, r25
     818:	20 f0       	brcs	.+8      	; 0x822 <__DATA_REGION_LENGTH__+0x22>
        {
            report_counter = 0;
     81a:	10 92 d8 03 	sts	0x03D8, r1	; 0x8003d8 <report_counter>
            monitor_report();
     81e:	0e 94 20 02 	call	0x440	; 0x440 <monitor_report>
        }
    }
}
     822:	c0 5c       	subi	r28, 0xC0	; 192
     824:	df 4f       	sbci	r29, 0xFF	; 255
     826:	0f b6       	in	r0, 0x3f	; 63
     828:	f8 94       	cli
     82a:	de bf       	out	0x3e, r29	; 62
     82c:	0f be       	out	0x3f, r0	; 63
     82e:	cd bf       	out	0x3d, r28	; 61
     830:	df 91       	pop	r29
     832:	cf 91       	pop	r28
     834:	08 95       	ret

00000836 <bcd_to_bin>:
#include "driver_twi.h" 

static uint8_t rtc_buffer[4];

static uint8_t bcd_to_bin(uint8_t bcd) {
    return ((bcd >> 4) * 10) + (bcd & 0x0F);
     836:	98 2f       	mov	r25, r24
     838:	92 95       	swap	r25
     83a:	9f 70       	andi	r25, 0x0F	; 15
     83c:	99 0f       	add	r25, r25
     83e:	29 2f       	mov	r18, r25
     840:	22 0f       	add	r18, r18
     842:	22 0f       	add	r18, r18
     844:	92 0f       	add	r25, r18
     846:	8f 70       	andi	r24, 0x0F	; 15
}
     848:	89 0f       	add	r24, r25
     84a:	08 95       	ret

0000084c <bin_to_bcd>:

static uint8_t bin_to_bcd(uint8_t bin) {
    return ((bin / 10) << 4) | (bin % 10);
     84c:	9d ec       	ldi	r25, 0xCD	; 205
     84e:	89 9f       	mul	r24, r25
     850:	91 2d       	mov	r25, r1
     852:	11 24       	eor	r1, r1
     854:	96 95       	lsr	r25
     856:	96 95       	lsr	r25
     858:	96 95       	lsr	r25
     85a:	20 e1       	ldi	r18, 0x10	; 16
     85c:	92 9f       	mul	r25, r18
     85e:	a0 01       	movw	r20, r0
     860:	11 24       	eor	r1, r1
     862:	99 0f       	add	r25, r25
     864:	29 2f       	mov	r18, r25
     866:	22 0f       	add	r18, r18
     868:	22 0f       	add	r18, r18
     86a:	92 0f       	add	r25, r18
     86c:	89 1b       	sub	r24, r25
}
     86e:	84 2b       	or	r24, r20
     870:	08 95       	ret

00000872 <rtc_get_time>:

rtc_state_t rtc_get_time(rtc_time_t *time) {
     872:	ef 92       	push	r14
     874:	ff 92       	push	r15
     876:	0f 93       	push	r16
     878:	1f 93       	push	r17
     87a:	cf 93       	push	r28
     87c:	df 93       	push	r29
     87e:	1f 92       	push	r1
     880:	cd b7       	in	r28, 0x3d	; 61
     882:	de b7       	in	r29, 0x3e	; 62
     884:	7c 01       	movw	r14, r24
    uint8_t reg_inicial = RTC_REG_SEC;
     886:	19 82       	std	Y+1, r1	; 0x01

    if (twi_busy()) {
     888:	0e 94 94 08 	call	0x1128	; 0x1128 <twi_busy>
     88c:	81 11       	cpse	r24, r1
     88e:	2b c0       	rjmp	.+86     	; 0x8e6 <rtc_get_time+0x74>
        return RTC_BUSY;
    }

    bool iniciado = twi_master_write_read(RTC_ADDR, &reg_inicial, 1, rtc_buffer, 3);
     890:	03 e0       	ldi	r16, 0x03	; 3
     892:	29 ed       	ldi	r18, 0xD9	; 217
     894:	33 e0       	ldi	r19, 0x03	; 3
     896:	41 e0       	ldi	r20, 0x01	; 1
     898:	be 01       	movw	r22, r28
     89a:	6f 5f       	subi	r22, 0xFF	; 255
     89c:	7f 4f       	sbci	r23, 0xFF	; 255
     89e:	88 e6       	ldi	r24, 0x68	; 104
     8a0:	0e 94 c5 08 	call	0x118a	; 0x118a <twi_master_write_read>
    
    if (!iniciado) {
     8a4:	88 23       	and	r24, r24
     8a6:	09 f1       	breq	.+66     	; 0x8ea <rtc_get_time+0x78>
        return RTC_NOT_INIT;
    }

    while (twi_busy());
     8a8:	0e 94 94 08 	call	0x1128	; 0x1128 <twi_busy>
     8ac:	81 11       	cpse	r24, r1
     8ae:	fc cf       	rjmp	.-8      	; 0x8a8 <rtc_get_time+0x36>

    if (twi_done()) {
     8b0:	0e 94 9b 08 	call	0x1136	; 0x1136 <twi_done>
     8b4:	88 23       	and	r24, r24
     8b6:	d9 f0       	breq	.+54     	; 0x8ee <rtc_get_time+0x7c>
        time->sec = bcd_to_bin(rtc_buffer[0]);
     8b8:	09 ed       	ldi	r16, 0xD9	; 217
     8ba:	13 e0       	ldi	r17, 0x03	; 3
     8bc:	f8 01       	movw	r30, r16
     8be:	80 81       	ld	r24, Z
     8c0:	0e 94 1b 04 	call	0x836	; 0x836 <bcd_to_bin>
     8c4:	f7 01       	movw	r30, r14
     8c6:	82 83       	std	Z+2, r24	; 0x02
        time->min  = bcd_to_bin(rtc_buffer[1]);
     8c8:	f8 01       	movw	r30, r16
     8ca:	81 81       	ldd	r24, Z+1	; 0x01
     8cc:	0e 94 1b 04 	call	0x836	; 0x836 <bcd_to_bin>
     8d0:	f7 01       	movw	r30, r14
     8d2:	81 83       	std	Z+1, r24	; 0x01
        time->hour    = bcd_to_bin(rtc_buffer[2] & 0x3F); 
     8d4:	f8 01       	movw	r30, r16
     8d6:	82 81       	ldd	r24, Z+2	; 0x02
     8d8:	8f 73       	andi	r24, 0x3F	; 63
     8da:	0e 94 1b 04 	call	0x836	; 0x836 <bcd_to_bin>
     8de:	f7 01       	movw	r30, r14
     8e0:	80 83       	st	Z, r24
        return RTC_OK;
     8e2:	80 e0       	ldi	r24, 0x00	; 0
     8e4:	05 c0       	rjmp	.+10     	; 0x8f0 <rtc_get_time+0x7e>

rtc_state_t rtc_get_time(rtc_time_t *time) {
    uint8_t reg_inicial = RTC_REG_SEC;

    if (twi_busy()) {
        return RTC_BUSY;
     8e6:	81 e0       	ldi	r24, 0x01	; 1
     8e8:	03 c0       	rjmp	.+6      	; 0x8f0 <rtc_get_time+0x7e>
    }

    bool iniciado = twi_master_write_read(RTC_ADDR, &reg_inicial, 1, rtc_buffer, 3);
    
    if (!iniciado) {
        return RTC_NOT_INIT;
     8ea:	82 e0       	ldi	r24, 0x02	; 2
     8ec:	01 c0       	rjmp	.+2      	; 0x8f0 <rtc_get_time+0x7e>
        time->sec = bcd_to_bin(rtc_buffer[0]);
        time->min  = bcd_to_bin(rtc_buffer[1]);
        time->hour    = bcd_to_bin(rtc_buffer[2] & 0x3F); 
        return RTC_OK;
    }
    return RTC_NOT_DONE; 
     8ee:	83 e0       	ldi	r24, 0x03	; 3
}
     8f0:	0f 90       	pop	r0
     8f2:	df 91       	pop	r29
     8f4:	cf 91       	pop	r28
     8f6:	1f 91       	pop	r17
     8f8:	0f 91       	pop	r16
     8fa:	ff 90       	pop	r15
     8fc:	ef 90       	pop	r14
     8fe:	08 95       	ret

00000900 <rtc_set_time>:

bool rtc_set_time(const rtc_time_t *time) {
     900:	0f 93       	push	r16
     902:	1f 93       	push	r17
     904:	cf 93       	push	r28
     906:	df 93       	push	r29
     908:	ec 01       	movw	r28, r24
    if (twi_busy()) {
     90a:	0e 94 94 08 	call	0x1128	; 0x1128 <twi_busy>
     90e:	81 11       	cpse	r24, r1
     910:	1a c0       	rjmp	.+52     	; 0x946 <rtc_set_time+0x46>
        return false;
    }

    rtc_buffer[0] = RTC_REG_SEC;
     912:	09 ed       	ldi	r16, 0xD9	; 217
     914:	13 e0       	ldi	r17, 0x03	; 3
     916:	f8 01       	movw	r30, r16
     918:	10 82       	st	Z, r1
    rtc_buffer[1] = bin_to_bcd(time->sec);
     91a:	8a 81       	ldd	r24, Y+2	; 0x02
     91c:	0e 94 26 04 	call	0x84c	; 0x84c <bin_to_bcd>
     920:	f8 01       	movw	r30, r16
     922:	81 83       	std	Z+1, r24	; 0x01
    rtc_buffer[2] = bin_to_bcd(time->min);
     924:	89 81       	ldd	r24, Y+1	; 0x01
     926:	0e 94 26 04 	call	0x84c	; 0x84c <bin_to_bcd>
     92a:	f8 01       	movw	r30, r16
     92c:	82 83       	std	Z+2, r24	; 0x02
    rtc_buffer[3] = bin_to_bcd(time->hour) & 0x3F; 
     92e:	88 81       	ld	r24, Y
     930:	0e 94 26 04 	call	0x84c	; 0x84c <bin_to_bcd>
     934:	8f 73       	andi	r24, 0x3F	; 63
     936:	f8 01       	movw	r30, r16
     938:	83 83       	std	Z+3, r24	; 0x03

    return twi_master_write(RTC_ADDR, rtc_buffer, 4);
     93a:	44 e0       	ldi	r20, 0x04	; 4
     93c:	b8 01       	movw	r22, r16
     93e:	88 e6       	ldi	r24, 0x68	; 104
     940:	0e 94 a2 08 	call	0x1144	; 0x1144 <twi_master_write>
     944:	01 c0       	rjmp	.+2      	; 0x948 <rtc_set_time+0x48>
    return RTC_NOT_DONE; 
}

bool rtc_set_time(const rtc_time_t *time) {
    if (twi_busy()) {
        return false;
     946:	80 e0       	ldi	r24, 0x00	; 0
    rtc_buffer[1] = bin_to_bcd(time->sec);
    rtc_buffer[2] = bin_to_bcd(time->min);
    rtc_buffer[3] = bin_to_bcd(time->hour) & 0x3F; 

    return twi_master_write(RTC_ADDR, rtc_buffer, 4);
}
     948:	df 91       	pop	r29
     94a:	cf 91       	pop	r28
     94c:	1f 91       	pop	r17
     94e:	0f 91       	pop	r16
     950:	08 95       	ret

00000952 <tx_enqueue>:
	
	return cont;
}

static bool tx_enqueue(char c)
{
     952:	48 2f       	mov	r20, r24
	uint8_t next_tx_head = (tx_head + 1) % TX_SIZE;
     954:	20 91 6e 04 	lds	r18, 0x046E	; 0x80046e <tx_head>
     958:	30 e0       	ldi	r19, 0x00	; 0
     95a:	c9 01       	movw	r24, r18
     95c:	01 96       	adiw	r24, 0x01	; 1
     95e:	60 ef       	ldi	r22, 0xF0	; 240
     960:	70 e0       	ldi	r23, 0x00	; 0
     962:	0e 94 e2 09 	call	0x13c4	; 0x13c4 <__divmodhi4>
	
	if(next_tx_head == tx_tail)
     966:	90 91 6d 04 	lds	r25, 0x046D	; 0x80046d <tx_tail>
     96a:	98 17       	cp	r25, r24
     96c:	41 f0       	breq	.+16     	; 0x97e <tx_enqueue+0x2c>
	{
		TERM_TX_OVF_FLAG = true;
		return false;
	}
	tx_buffer[tx_head] = c;
     96e:	f9 01       	movw	r30, r18
     970:	e1 59       	subi	r30, 0x91	; 145
     972:	fb 4f       	sbci	r31, 0xFB	; 251
     974:	40 83       	st	Z, r20
	tx_head = next_tx_head;
     976:	80 93 6e 04 	sts	0x046E, r24	; 0x80046e <tx_head>
	return true;
     97a:	81 e0       	ldi	r24, 0x01	; 1
     97c:	08 95       	ret
	uint8_t next_tx_head = (tx_head + 1) % TX_SIZE;
	
	if(next_tx_head == tx_tail)
	{
		TERM_TX_OVF_FLAG = true;
		return false;
     97e:	80 e0       	ldi	r24, 0x00	; 0
	}
	tx_buffer[tx_head] = c;
	tx_head = next_tx_head;
	return true;
}
     980:	08 95       	ret

00000982 <tx_is_empty>:
	return true;
}

static bool tx_is_empty(void)
{
	return tx_head == tx_tail;
     982:	20 91 6e 04 	lds	r18, 0x046E	; 0x80046e <tx_head>
     986:	90 91 6d 04 	lds	r25, 0x046D	; 0x80046d <tx_tail>
     98a:	81 e0       	ldi	r24, 0x01	; 1
     98c:	29 13       	cpse	r18, r25
     98e:	80 e0       	ldi	r24, 0x00	; 0
}
     990:	08 95       	ret

00000992 <terminal_send>:
		tx_enqueue(rx_assembly[i]);
	tx_pending = true;
}

static uint8_t terminal_send(char *s)
{
     992:	1f 93       	push	r17
     994:	cf 93       	push	r28
     996:	df 93       	push	r29
     998:	ec 01       	movw	r28, r24
	uint8_t cont = 0;
     99a:	10 e0       	ldi	r17, 0x00	; 0
	
	while(*s)
     99c:	06 c0       	rjmp	.+12     	; 0x9aa <terminal_send+0x18>
	{
		if(!tx_enqueue(*s++))
     99e:	21 96       	adiw	r28, 0x01	; 1
     9a0:	0e 94 a9 04 	call	0x952	; 0x952 <tx_enqueue>
     9a4:	88 23       	and	r24, r24
     9a6:	59 f0       	breq	.+22     	; 0x9be <terminal_send+0x2c>
		{
			return cont;
		}
		cont++;
     9a8:	1f 5f       	subi	r17, 0xFF	; 255

static uint8_t terminal_send(char *s)
{
	uint8_t cont = 0;
	
	while(*s)
     9aa:	88 81       	ld	r24, Y
     9ac:	81 11       	cpse	r24, r1
     9ae:	f7 cf       	rjmp	.-18     	; 0x99e <terminal_send+0xc>
			return cont;
		}
		cont++;
	}
	
	if(!tx_is_empty()) tx_pending = true;
     9b0:	0e 94 c1 04 	call	0x982	; 0x982 <tx_is_empty>
     9b4:	81 11       	cpse	r24, r1
     9b6:	03 c0       	rjmp	.+6      	; 0x9be <terminal_send+0x2c>
     9b8:	81 e0       	ldi	r24, 0x01	; 1
     9ba:	80 93 6c 04 	sts	0x046C, r24	; 0x80046c <tx_pending>
	
	return cont;
}
     9be:	81 2f       	mov	r24, r17
     9c0:	df 91       	pop	r29
     9c2:	cf 91       	pop	r28
     9c4:	1f 91       	pop	r17
     9c6:	08 95       	ret

000009c8 <terminal_redraw>:
		tx_enqueue('\b');
	tx_pending = true;
}

static void terminal_redraw(void)
{
     9c8:	cf 93       	push	r28
	terminal_send(message);
     9ca:	8d ed       	ldi	r24, 0xDD	; 221
     9cc:	93 e0       	ldi	r25, 0x03	; 3
     9ce:	0e 94 c9 04 	call	0x992	; 0x992 <terminal_send>
	terminal_send("\r");
     9d2:	89 e7       	ldi	r24, 0x79	; 121
     9d4:	93 e0       	ldi	r25, 0x03	; 3
     9d6:	0e 94 c9 04 	call	0x992	; 0x992 <terminal_send>
	terminal_send(PROMPT);
     9da:	8b e7       	ldi	r24, 0x7B	; 123
     9dc:	93 e0       	ldi	r25, 0x03	; 3
     9de:	0e 94 c9 04 	call	0x992	; 0x992 <terminal_send>
	for(uint8_t i = 0; i < rx_assembly_top; i++)
     9e2:	c0 e0       	ldi	r28, 0x00	; 0
     9e4:	08 c0       	rjmp	.+16     	; 0x9f6 <terminal_redraw+0x2e>
		tx_enqueue(rx_assembly[i]);
     9e6:	ec 2f       	mov	r30, r28
     9e8:	f0 e0       	ldi	r31, 0x00	; 0
     9ea:	e8 5a       	subi	r30, 0xA8	; 168
     9ec:	fb 4f       	sbci	r31, 0xFB	; 251
     9ee:	80 81       	ld	r24, Z
     9f0:	0e 94 a9 04 	call	0x952	; 0x952 <tx_enqueue>
static void terminal_redraw(void)
{
	terminal_send(message);
	terminal_send("\r");
	terminal_send(PROMPT);
	for(uint8_t i = 0; i < rx_assembly_top; i++)
     9f4:	cf 5f       	subi	r28, 0xFF	; 255
     9f6:	80 91 57 04 	lds	r24, 0x0457	; 0x800457 <rx_assembly_top>
     9fa:	c8 17       	cp	r28, r24
     9fc:	a0 f3       	brcs	.-24     	; 0x9e6 <terminal_redraw+0x1e>
		tx_enqueue(rx_assembly[i]);
	tx_pending = true;
     9fe:	81 e0       	ldi	r24, 0x01	; 1
     a00:	80 93 6c 04 	sts	0x046C, r24	; 0x80046c <tx_pending>
}
     a04:	cf 91       	pop	r28
     a06:	08 95       	ret

00000a08 <tx_peak>:
	tx_tail = (tx_tail + 1) % TX_SIZE;
	return true;
}

static bool tx_peak(char *c)
{
     a08:	cf 93       	push	r28
     a0a:	df 93       	push	r29
     a0c:	ec 01       	movw	r28, r24
	if(tx_is_empty())
     a0e:	0e 94 c1 04 	call	0x982	; 0x982 <tx_is_empty>
     a12:	81 11       	cpse	r24, r1
     a14:	09 c0       	rjmp	.+18     	; 0xa28 <tx_peak+0x20>
	{
		return false;
	}
	*c = tx_buffer[tx_tail];
     a16:	e0 91 6d 04 	lds	r30, 0x046D	; 0x80046d <tx_tail>
     a1a:	f0 e0       	ldi	r31, 0x00	; 0
     a1c:	e1 59       	subi	r30, 0x91	; 145
     a1e:	fb 4f       	sbci	r31, 0xFB	; 251
     a20:	80 81       	ld	r24, Z
     a22:	88 83       	st	Y, r24
	return true;
     a24:	81 e0       	ldi	r24, 0x01	; 1
     a26:	01 c0       	rjmp	.+2      	; 0xa2a <tx_peak+0x22>

static bool tx_peak(char *c)
{
	if(tx_is_empty())
	{
		return false;
     a28:	80 e0       	ldi	r24, 0x00	; 0
	}
	*c = tx_buffer[tx_tail];
	return true;
}
     a2a:	df 91       	pop	r29
     a2c:	cf 91       	pop	r28
     a2e:	08 95       	ret

00000a30 <tx_dequeue>:
	tx_head = next_tx_head;
	return true;
}

static bool tx_dequeue(char *c)
{
     a30:	cf 93       	push	r28
     a32:	df 93       	push	r29
     a34:	ec 01       	movw	r28, r24
	if(tx_is_empty())
     a36:	0e 94 c1 04 	call	0x982	; 0x982 <tx_is_empty>
     a3a:	81 11       	cpse	r24, r1
     a3c:	11 c0       	rjmp	.+34     	; 0xa60 <tx_dequeue+0x30>
	{
		return false;
	}
	*c = tx_buffer[tx_tail];
     a3e:	80 91 6d 04 	lds	r24, 0x046D	; 0x80046d <tx_tail>
     a42:	90 e0       	ldi	r25, 0x00	; 0
     a44:	fc 01       	movw	r30, r24
     a46:	e1 59       	subi	r30, 0x91	; 145
     a48:	fb 4f       	sbci	r31, 0xFB	; 251
     a4a:	20 81       	ld	r18, Z
     a4c:	28 83       	st	Y, r18
	tx_tail = (tx_tail + 1) % TX_SIZE;
     a4e:	01 96       	adiw	r24, 0x01	; 1
     a50:	60 ef       	ldi	r22, 0xF0	; 240
     a52:	70 e0       	ldi	r23, 0x00	; 0
     a54:	0e 94 e2 09 	call	0x13c4	; 0x13c4 <__divmodhi4>
     a58:	80 93 6d 04 	sts	0x046D, r24	; 0x80046d <tx_tail>
	return true;
     a5c:	81 e0       	ldi	r24, 0x01	; 1
     a5e:	01 c0       	rjmp	.+2      	; 0xa62 <tx_dequeue+0x32>

static bool tx_dequeue(char *c)
{
	if(tx_is_empty())
	{
		return false;
     a60:	80 e0       	ldi	r24, 0x00	; 0
	}
	*c = tx_buffer[tx_tail];
	tx_tail = (tx_tail + 1) % TX_SIZE;
	return true;
}
     a62:	df 91       	pop	r29
     a64:	cf 91       	pop	r28
     a66:	08 95       	ret

00000a68 <rx_assembly_push>:
	return tx_head == tx_tail;
}

static bool rx_assembly_push(char c)
{
	if(rx_assembly_top == RX_ASSEMBLY_SIZE)
     a68:	90 91 57 04 	lds	r25, 0x0457	; 0x800457 <rx_assembly_top>
     a6c:	94 31       	cpi	r25, 0x14	; 20
     a6e:	51 f0       	breq	.+20     	; 0xa84 <rx_assembly_push+0x1c>
	{
		TERM_RX_ASSEMBLY_OVF = true;
		return false;
	}
	
	rx_assembly[rx_assembly_top] = c;
     a70:	e9 2f       	mov	r30, r25
     a72:	f0 e0       	ldi	r31, 0x00	; 0
     a74:	e8 5a       	subi	r30, 0xA8	; 168
     a76:	fb 4f       	sbci	r31, 0xFB	; 251
     a78:	80 83       	st	Z, r24
	rx_assembly_top++;
     a7a:	9f 5f       	subi	r25, 0xFF	; 255
     a7c:	90 93 57 04 	sts	0x0457, r25	; 0x800457 <rx_assembly_top>
	return true;
     a80:	81 e0       	ldi	r24, 0x01	; 1
     a82:	08 95       	ret
static bool rx_assembly_push(char c)
{
	if(rx_assembly_top == RX_ASSEMBLY_SIZE)
	{
		TERM_RX_ASSEMBLY_OVF = true;
		return false;
     a84:	80 e0       	ldi	r24, 0x00	; 0
	}
	
	rx_assembly[rx_assembly_top] = c;
	rx_assembly_top++;
	return true;
}
     a86:	08 95       	ret

00000a88 <rx_assembly_is_empty>:
	return true;
}

static bool rx_assembly_is_empty(void)
{
	return rx_assembly_top == 0;
     a88:	90 91 57 04 	lds	r25, 0x0457	; 0x800457 <rx_assembly_top>
     a8c:	81 e0       	ldi	r24, 0x01	; 1
     a8e:	91 11       	cpse	r25, r1
     a90:	80 e0       	ldi	r24, 0x00	; 0
     a92:	08 95       	ret

00000a94 <rx_assembly_pop>:
	rx_assembly_top++;
	return true;
}

static bool rx_assembly_pop(char *c)
{
     a94:	cf 93       	push	r28
     a96:	df 93       	push	r29
     a98:	ec 01       	movw	r28, r24
	if(rx_assembly_is_empty())
     a9a:	0e 94 44 05 	call	0xa88	; 0xa88 <rx_assembly_is_empty>
     a9e:	81 11       	cpse	r24, r1
     aa0:	0c c0       	rjmp	.+24     	; 0xaba <rx_assembly_pop+0x26>
	{
		return false;
	}
	rx_assembly_top--;
     aa2:	e0 91 57 04 	lds	r30, 0x0457	; 0x800457 <rx_assembly_top>
     aa6:	e1 50       	subi	r30, 0x01	; 1
     aa8:	e0 93 57 04 	sts	0x0457, r30	; 0x800457 <rx_assembly_top>
	*c = rx_assembly[rx_assembly_top];
     aac:	f0 e0       	ldi	r31, 0x00	; 0
     aae:	e8 5a       	subi	r30, 0xA8	; 168
     ab0:	fb 4f       	sbci	r31, 0xFB	; 251
     ab2:	80 81       	ld	r24, Z
     ab4:	88 83       	st	Y, r24
	return true;
     ab6:	81 e0       	ldi	r24, 0x01	; 1
     ab8:	01 c0       	rjmp	.+2      	; 0xabc <rx_assembly_pop+0x28>

static bool rx_assembly_pop(char *c)
{
	if(rx_assembly_is_empty())
	{
		return false;
     aba:	80 e0       	ldi	r24, 0x00	; 0
	}
	rx_assembly_top--;
	*c = rx_assembly[rx_assembly_top];
	return true;
}
     abc:	df 91       	pop	r29
     abe:	cf 91       	pop	r28
     ac0:	08 95       	ret

00000ac2 <terminal_clear_all>:
			break;
	}
}

static void terminal_clear_all(void)
{
     ac2:	cf 93       	push	r28
     ac4:	df 93       	push	r29
	uint8_t total = strlen(message) + PROMPT_LEN + rx_assembly_top;
     ac6:	ed ed       	ldi	r30, 0xDD	; 221
     ac8:	f3 e0       	ldi	r31, 0x03	; 3
     aca:	01 90       	ld	r0, Z+
     acc:	00 20       	and	r0, r0
     ace:	e9 f7       	brne	.-6      	; 0xaca <terminal_clear_all+0x8>
     ad0:	31 97       	sbiw	r30, 0x01	; 1
     ad2:	ed 5d       	subi	r30, 0xDD	; 221
     ad4:	f3 40       	sbci	r31, 0x03	; 3
     ad6:	d0 91 57 04 	lds	r29, 0x0457	; 0x800457 <rx_assembly_top>
     ada:	ed 0f       	add	r30, r29
     adc:	d5 e0       	ldi	r29, 0x05	; 5
     ade:	de 0f       	add	r29, r30
	for(uint8_t i = 0; i < total+1; i++)
     ae0:	c0 e0       	ldi	r28, 0x00	; 0
     ae2:	04 c0       	rjmp	.+8      	; 0xaec <terminal_clear_all+0x2a>
		tx_enqueue('\b');
     ae4:	88 e0       	ldi	r24, 0x08	; 8
     ae6:	0e 94 a9 04 	call	0x952	; 0x952 <tx_enqueue>
}

static void terminal_clear_all(void)
{
	uint8_t total = strlen(message) + PROMPT_LEN + rx_assembly_top;
	for(uint8_t i = 0; i < total+1; i++)
     aea:	cf 5f       	subi	r28, 0xFF	; 255
     aec:	2c 2f       	mov	r18, r28
     aee:	30 e0       	ldi	r19, 0x00	; 0
     af0:	8d 2f       	mov	r24, r29
     af2:	90 e0       	ldi	r25, 0x00	; 0
     af4:	01 96       	adiw	r24, 0x01	; 1
     af6:	28 17       	cp	r18, r24
     af8:	39 07       	cpc	r19, r25
     afa:	a4 f3       	brlt	.-24     	; 0xae4 <terminal_clear_all+0x22>
		tx_enqueue('\b');
	tx_pending = true;
     afc:	81 e0       	ldi	r24, 0x01	; 1
     afe:	80 93 6c 04 	sts	0x046C, r24	; 0x80046c <tx_pending>
}
     b02:	df 91       	pop	r29
     b04:	cf 91       	pop	r28
     b06:	08 95       	ret

00000b08 <terminal_process_char>:
	return ovf;
}

/*====[Implementations of private functions]=====================*/
static void terminal_process_char(char c)
{
     b08:	cf 93       	push	r28
     b0a:	df 93       	push	r29
     b0c:	1f 92       	push	r1
     b0e:	cd b7       	in	r28, 0x3d	; 61
     b10:	de b7       	in	r29, 0x3e	; 62
	char aux;
	
	switch(c)
     b12:	8a 30       	cpi	r24, 0x0A	; 10
     b14:	d1 f1       	breq	.+116    	; 0xb8a <terminal_process_char+0x82>
     b16:	8d 30       	cpi	r24, 0x0D	; 13
     b18:	19 f0       	breq	.+6      	; 0xb20 <terminal_process_char+0x18>
     b1a:	88 30       	cpi	r24, 0x08	; 8
     b1c:	61 f5       	brne	.+88     	; 0xb76 <terminal_process_char+0x6e>
     b1e:	22 c0       	rjmp	.+68     	; 0xb64 <terminal_process_char+0x5c>
	{
		case '\r':
			if(rx_assembly_is_empty()) break;
     b20:	0e 94 44 05 	call	0xa88	; 0xa88 <rx_assembly_is_empty>
     b24:	81 11       	cpse	r24, r1
     b26:	31 c0       	rjmp	.+98     	; 0xb8a <terminal_process_char+0x82>
			
			rx_assembly[rx_assembly_top] = '\0';
     b28:	e0 91 57 04 	lds	r30, 0x0457	; 0x800457 <rx_assembly_top>
     b2c:	f0 e0       	ldi	r31, 0x00	; 0
     b2e:	e8 5a       	subi	r30, 0xA8	; 168
     b30:	fb 4f       	sbci	r31, 0xFB	; 251
     b32:	10 82       	st	Z, r1
			
			if(!rx_line_ready)
     b34:	80 91 42 04 	lds	r24, 0x0442	; 0x800442 <rx_line_ready>
     b38:	81 11       	cpse	r24, r1
     b3a:	0a c0       	rjmp	.+20     	; 0xb50 <terminal_process_char+0x48>
			{
				strcpy(rx_line_buf, rx_assembly);
     b3c:	68 e5       	ldi	r22, 0x58	; 88
     b3e:	74 e0       	ldi	r23, 0x04	; 4
     b40:	83 e4       	ldi	r24, 0x43	; 67
     b42:	94 e0       	ldi	r25, 0x04	; 4
     b44:	0e 94 32 0a 	call	0x1464	; 0x1464 <strcpy>
				rx_line_ready = true;
     b48:	81 e0       	ldi	r24, 0x01	; 1
     b4a:	80 93 42 04 	sts	0x0442, r24	; 0x800442 <rx_line_ready>
     b4e:	03 c0       	rjmp	.+6      	; 0xb56 <terminal_process_char+0x4e>
			}
			else
			{
				TERM_RX_LINE_OVF = true;
     b50:	81 e0       	ldi	r24, 0x01	; 1
     b52:	80 93 41 04 	sts	0x0441, r24	; 0x800441 <TERM_RX_LINE_OVF>
			}
			
			terminal_clear_all();      
     b56:	0e 94 61 05 	call	0xac2	; 0xac2 <terminal_clear_all>
			rx_assembly_top = 0;
     b5a:	10 92 57 04 	sts	0x0457, r1	; 0x800457 <rx_assembly_top>
			terminal_redraw();
     b5e:	0e 94 e4 04 	call	0x9c8	; 0x9c8 <terminal_redraw>
			
			break;
     b62:	13 c0       	rjmp	.+38     	; 0xb8a <terminal_process_char+0x82>
		
		case '\b':
			if(!rx_assembly_is_empty())
     b64:	0e 94 44 05 	call	0xa88	; 0xa88 <rx_assembly_is_empty>
     b68:	81 11       	cpse	r24, r1
     b6a:	0f c0       	rjmp	.+30     	; 0xb8a <terminal_process_char+0x82>
			{
				rx_assembly_pop(&aux);
     b6c:	ce 01       	movw	r24, r28
     b6e:	01 96       	adiw	r24, 0x01	; 1
     b70:	0e 94 4a 05 	call	0xa94	; 0xa94 <rx_assembly_pop>
     b74:	0a c0       	rjmp	.+20     	; 0xb8a <terminal_process_char+0x82>
			break;
		case '\n':
			break;
		
		default:
			if(rx_assembly_top < RX_ASSEMBLY_SIZE - 1)
     b76:	90 91 57 04 	lds	r25, 0x0457	; 0x800457 <rx_assembly_top>
     b7a:	93 31       	cpi	r25, 0x13	; 19
     b7c:	18 f4       	brcc	.+6      	; 0xb84 <terminal_process_char+0x7c>
			{
				rx_assembly_push(c);
     b7e:	0e 94 34 05 	call	0xa68	; 0xa68 <rx_assembly_push>
     b82:	03 c0       	rjmp	.+6      	; 0xb8a <terminal_process_char+0x82>
				//tx_enqueue(c);        
				//tx_pending = true;
			}
			else
			{
				TERM_RX_LINE_OVF = true;
     b84:	81 e0       	ldi	r24, 0x01	; 1
     b86:	80 93 41 04 	sts	0x0441, r24	; 0x800441 <TERM_RX_LINE_OVF>
			}
			break;
	}
}
     b8a:	0f 90       	pop	r0
     b8c:	df 91       	pop	r29
     b8e:	cf 91       	pop	r28
     b90:	08 95       	ret

00000b92 <terminal_dispatch>:
	usart0_init(9600,f_cpu);
	terminal_show_msg(initial_msg);
}

void terminal_dispatch(void)
{
     b92:	cf 93       	push	r28
     b94:	df 93       	push	r29
     b96:	1f 92       	push	r1
     b98:	cd b7       	in	r28, 0x3d	; 61
     b9a:	de b7       	in	r29, 0x3e	; 62
	
	while(usart0_rx_available())
     b9c:	09 c0       	rjmp	.+18     	; 0xbb0 <terminal_dispatch+0x1e>
	{
		uint8_t c;
		if(usart0_read(&c))
     b9e:	ce 01       	movw	r24, r28
     ba0:	01 96       	adiw	r24, 0x01	; 1
     ba2:	0e 94 2b 07 	call	0xe56	; 0xe56 <usart0_read>
     ba6:	88 23       	and	r24, r24
     ba8:	19 f0       	breq	.+6      	; 0xbb0 <terminal_dispatch+0x1e>
		{ 
			terminal_process_char((char)c);  // echo decided by process_char
     baa:	89 81       	ldd	r24, Y+1	; 0x01
     bac:	0e 94 84 05 	call	0xb08	; 0xb08 <terminal_process_char>
}

void terminal_dispatch(void)
{
	
	while(usart0_rx_available())
     bb0:	0e 94 24 07 	call	0xe48	; 0xe48 <usart0_rx_available>
     bb4:	81 11       	cpse	r24, r1
     bb6:	f3 cf       	rjmp	.-26     	; 0xb9e <terminal_dispatch+0xc>
		{ 
			terminal_process_char((char)c);  // echo decided by process_char
		}
	}	
	
	if(tx_pending)
     bb8:	80 91 6c 04 	lds	r24, 0x046C	; 0x80046c <tx_pending>
     bbc:	81 11       	cpse	r24, r1
     bbe:	0e c0       	rjmp	.+28     	; 0xbdc <terminal_dispatch+0x4a>
     bc0:	16 c0       	rjmp	.+44     	; 0xbee <terminal_dispatch+0x5c>
	{
		char c;
		while((!tx_is_empty()))
		{
			tx_peak(&c);
     bc2:	ce 01       	movw	r24, r28
     bc4:	01 96       	adiw	r24, 0x01	; 1
     bc6:	0e 94 04 05 	call	0xa08	; 0xa08 <tx_peak>
			if(!usart0_write((uint8_t)c))
     bca:	89 81       	ldd	r24, Y+1	; 0x01
     bcc:	0e 94 3e 07 	call	0xe7c	; 0xe7c <usart0_write>
     bd0:	88 23       	and	r24, r24
     bd2:	41 f0       	breq	.+16     	; 0xbe4 <terminal_dispatch+0x52>
			{
				break;
			}
			tx_dequeue(&c);	
     bd4:	ce 01       	movw	r24, r28
     bd6:	01 96       	adiw	r24, 0x01	; 1
     bd8:	0e 94 18 05 	call	0xa30	; 0xa30 <tx_dequeue>
	}	
	
	if(tx_pending)
	{
		char c;
		while((!tx_is_empty()))
     bdc:	0e 94 c1 04 	call	0x982	; 0x982 <tx_is_empty>
     be0:	88 23       	and	r24, r24
     be2:	79 f3       	breq	.-34     	; 0xbc2 <terminal_dispatch+0x30>
			{
				break;
			}
			tx_dequeue(&c);	
		}
		if(tx_is_empty())
     be4:	0e 94 c1 04 	call	0x982	; 0x982 <tx_is_empty>
     be8:	81 11       	cpse	r24, r1
		{
			tx_pending = false;
     bea:	10 92 6c 04 	sts	0x046C, r1	; 0x80046c <tx_pending>
		}
	}
}
     bee:	0f 90       	pop	r0
     bf0:	df 91       	pop	r29
     bf2:	cf 91       	pop	r28
     bf4:	08 95       	ret

00000bf6 <terminal_show_msg>:

uint8_t terminal_show_msg(char *msg)
{
     bf6:	cf 93       	push	r28
     bf8:	df 93       	push	r29
     bfa:	ec 01       	movw	r28, r24
	terminal_clear_all();  
     bfc:	0e 94 61 05 	call	0xac2	; 0xac2 <terminal_clear_all>
	
	strncpy(message, msg, sizeof(message));
     c00:	44 e6       	ldi	r20, 0x64	; 100
     c02:	50 e0       	ldi	r21, 0x00	; 0
     c04:	be 01       	movw	r22, r28
     c06:	8d ed       	ldi	r24, 0xDD	; 221
     c08:	93 e0       	ldi	r25, 0x03	; 3
     c0a:	0e 94 47 0a 	call	0x148e	; 0x148e <strncpy>
	message[sizeof(message) - 1] = '\0';
     c0e:	10 92 40 04 	sts	0x0440, r1	; 0x800440 <message+0x63>

	terminal_redraw();
     c12:	0e 94 e4 04 	call	0x9c8	; 0x9c8 <terminal_redraw>
	
	return 1;
}
     c16:	81 e0       	ldi	r24, 0x01	; 1
     c18:	df 91       	pop	r29
     c1a:	cf 91       	pop	r28
     c1c:	08 95       	ret

00000c1e <terminal_init>:
static bool rx_assembly_pop(char *c);
static bool rx_assembly_is_empty(void); 

/*====[Implemenations of public functions]=======================*/
void terminal_init(uint32_t f_cpu,char *initial_msg)
{
     c1e:	cf 93       	push	r28
     c20:	df 93       	push	r29
     c22:	ea 01       	movw	r28, r20
	usart0_init(9600,f_cpu);
     c24:	9b 01       	movw	r18, r22
     c26:	ac 01       	movw	r20, r24
     c28:	60 e8       	ldi	r22, 0x80	; 128
     c2a:	75 e2       	ldi	r23, 0x25	; 37
     c2c:	80 e0       	ldi	r24, 0x00	; 0
     c2e:	90 e0       	ldi	r25, 0x00	; 0
     c30:	0e 94 e1 06 	call	0xdc2	; 0xdc2 <usart0_init>
	terminal_show_msg(initial_msg);
     c34:	ce 01       	movw	r24, r28
     c36:	0e 94 fb 05 	call	0xbf6	; 0xbf6 <terminal_show_msg>
}
     c3a:	df 91       	pop	r29
     c3c:	cf 91       	pop	r28
     c3e:	08 95       	ret

00000c40 <terminal_line_available>:
}

bool terminal_line_available(void)
{
	return rx_line_ready;
}
     c40:	80 91 42 04 	lds	r24, 0x0442	; 0x800442 <rx_line_ready>
     c44:	08 95       	ret

00000c46 <terminal_get_line>:

bool terminal_get_line(char *buf, uint8_t max_len)
{
     c46:	cf 93       	push	r28
	if(!rx_line_ready || max_len == 0 || buf == NULL) return false;
     c48:	c0 91 42 04 	lds	r28, 0x0442	; 0x800442 <rx_line_ready>
     c4c:	cc 23       	and	r28, r28
     c4e:	f1 f0       	breq	.+60     	; 0xc8c <terminal_get_line+0x46>
     c50:	66 23       	and	r22, r22
     c52:	c9 f0       	breq	.+50     	; 0xc86 <terminal_get_line+0x40>
     c54:	00 97       	sbiw	r24, 0x00	; 0
     c56:	c9 f0       	breq	.+50     	; 0xc8a <terminal_get_line+0x44>
	
	uint8_t line_len = strlen(rx_line_buf);
     c58:	e3 e4       	ldi	r30, 0x43	; 67
     c5a:	f4 e0       	ldi	r31, 0x04	; 4
     c5c:	01 90       	ld	r0, Z+
     c5e:	00 20       	and	r0, r0
     c60:	e9 f7       	brne	.-6      	; 0xc5c <terminal_get_line+0x16>
     c62:	31 97       	sbiw	r30, 0x01	; 1
     c64:	e3 54       	subi	r30, 0x43	; 67
     c66:	f4 40       	sbci	r31, 0x04	; 4
	
	if(max_len < line_len)
     c68:	6e 17       	cp	r22, r30
     c6a:	30 f4       	brcc	.+12     	; 0xc78 <terminal_get_line+0x32>
	{
		rx_line_ready = false;
     c6c:	10 92 42 04 	sts	0x0442, r1	; 0x800442 <rx_line_ready>
		buf[0] = '\0';
     c70:	fc 01       	movw	r30, r24
     c72:	10 82       	st	Z, r1
		return false;
     c74:	c0 e0       	ldi	r28, 0x00	; 0
     c76:	0a c0       	rjmp	.+20     	; 0xc8c <terminal_get_line+0x46>
	}
	
	strcpy(buf,rx_line_buf);
     c78:	63 e4       	ldi	r22, 0x43	; 67
     c7a:	74 e0       	ldi	r23, 0x04	; 4
     c7c:	0e 94 32 0a 	call	0x1464	; 0x1464 <strcpy>
	rx_line_ready = false;
     c80:	10 92 42 04 	sts	0x0442, r1	; 0x800442 <rx_line_ready>
	return true;
     c84:	03 c0       	rjmp	.+6      	; 0xc8c <terminal_get_line+0x46>
	return rx_line_ready;
}

bool terminal_get_line(char *buf, uint8_t max_len)
{
	if(!rx_line_ready || max_len == 0 || buf == NULL) return false;
     c86:	c0 e0       	ldi	r28, 0x00	; 0
     c88:	01 c0       	rjmp	.+2      	; 0xc8c <terminal_get_line+0x46>
     c8a:	c0 e0       	ldi	r28, 0x00	; 0
	}
	
	strcpy(buf,rx_line_buf);
	rx_line_ready = false;
	return true;
}
     c8c:	8c 2f       	mov	r24, r28
     c8e:	cf 91       	pop	r28
     c90:	08 95       	ret

00000c92 <rx_enqueue>:
{
	cli();
	bool f = tx_is_empty();
	sei();
	return f;
}
     c92:	20 91 e4 05 	lds	r18, 0x05E4	; 0x8005e4 <rx_head>
     c96:	30 e0       	ldi	r19, 0x00	; 0
     c98:	2f 5f       	subi	r18, 0xFF	; 255
     c9a:	3f 4f       	sbci	r19, 0xFF	; 255
     c9c:	2f 70       	andi	r18, 0x0F	; 15
     c9e:	30 78       	andi	r19, 0x80	; 128
     ca0:	33 23       	and	r19, r19
     ca2:	34 f4       	brge	.+12     	; 0xcb0 <rx_enqueue+0x1e>
     ca4:	21 50       	subi	r18, 0x01	; 1
     ca6:	31 09       	sbc	r19, r1
     ca8:	20 6f       	ori	r18, 0xF0	; 240
     caa:	3f 6f       	ori	r19, 0xFF	; 255
     cac:	2f 5f       	subi	r18, 0xFF	; 255
     cae:	3f 4f       	sbci	r19, 0xFF	; 255
     cb0:	90 91 e5 05 	lds	r25, 0x05E5	; 0x8005e5 <rx_tail>
     cb4:	92 13       	cpse	r25, r18
     cb6:	05 c0       	rjmp	.+10     	; 0xcc2 <rx_enqueue+0x30>
     cb8:	81 e0       	ldi	r24, 0x01	; 1
     cba:	80 93 60 05 	sts	0x0560, r24	; 0x800560 <rx_ovf_flag>
     cbe:	80 e0       	ldi	r24, 0x00	; 0
     cc0:	08 95       	ret
     cc2:	e0 91 e4 05 	lds	r30, 0x05E4	; 0x8005e4 <rx_head>
     cc6:	f0 e0       	ldi	r31, 0x00	; 0
     cc8:	ea 51       	subi	r30, 0x1A	; 26
     cca:	fa 4f       	sbci	r31, 0xFA	; 250
     ccc:	80 83       	st	Z, r24
     cce:	20 93 e4 05 	sts	0x05E4, r18	; 0x8005e4 <rx_head>
     cd2:	81 e0       	ldi	r24, 0x01	; 1
     cd4:	08 95       	ret

00000cd6 <rx_is_empty>:
     cd6:	20 91 e4 05 	lds	r18, 0x05E4	; 0x8005e4 <rx_head>
     cda:	90 91 e5 05 	lds	r25, 0x05E5	; 0x8005e5 <rx_tail>
     cde:	81 e0       	ldi	r24, 0x01	; 1
     ce0:	29 13       	cpse	r18, r25
     ce2:	80 e0       	ldi	r24, 0x00	; 0
     ce4:	08 95       	ret

00000ce6 <rx_dequeue>:
     ce6:	cf 93       	push	r28
     ce8:	df 93       	push	r29
     cea:	ec 01       	movw	r28, r24
     cec:	0e 94 6b 06 	call	0xcd6	; 0xcd6 <rx_is_empty>
     cf0:	81 11       	cpse	r24, r1
     cf2:	17 c0       	rjmp	.+46     	; 0xd22 <rx_dequeue+0x3c>
     cf4:	e0 91 e5 05 	lds	r30, 0x05E5	; 0x8005e5 <rx_tail>
     cf8:	f0 e0       	ldi	r31, 0x00	; 0
     cfa:	ea 51       	subi	r30, 0x1A	; 26
     cfc:	fa 4f       	sbci	r31, 0xFA	; 250
     cfe:	80 81       	ld	r24, Z
     d00:	88 83       	st	Y, r24
     d02:	80 91 e5 05 	lds	r24, 0x05E5	; 0x8005e5 <rx_tail>
     d06:	90 e0       	ldi	r25, 0x00	; 0
     d08:	01 96       	adiw	r24, 0x01	; 1
     d0a:	8f 70       	andi	r24, 0x0F	; 15
     d0c:	90 78       	andi	r25, 0x80	; 128
     d0e:	99 23       	and	r25, r25
     d10:	24 f4       	brge	.+8      	; 0xd1a <rx_dequeue+0x34>
     d12:	01 97       	sbiw	r24, 0x01	; 1
     d14:	80 6f       	ori	r24, 0xF0	; 240
     d16:	9f 6f       	ori	r25, 0xFF	; 255
     d18:	01 96       	adiw	r24, 0x01	; 1
     d1a:	80 93 e5 05 	sts	0x05E5, r24	; 0x8005e5 <rx_tail>
     d1e:	81 e0       	ldi	r24, 0x01	; 1
     d20:	01 c0       	rjmp	.+2      	; 0xd24 <rx_dequeue+0x3e>
     d22:	80 e0       	ldi	r24, 0x00	; 0
     d24:	df 91       	pop	r29
     d26:	cf 91       	pop	r28
     d28:	08 95       	ret

00000d2a <tx_enqueue>:
     d2a:	20 91 62 05 	lds	r18, 0x0562	; 0x800562 <tx_head>
     d2e:	30 e0       	ldi	r19, 0x00	; 0
     d30:	2f 5f       	subi	r18, 0xFF	; 255
     d32:	3f 4f       	sbci	r19, 0xFF	; 255
     d34:	2f 77       	andi	r18, 0x7F	; 127
     d36:	30 78       	andi	r19, 0x80	; 128
     d38:	33 23       	and	r19, r19
     d3a:	34 f4       	brge	.+12     	; 0xd48 <tx_enqueue+0x1e>
     d3c:	21 50       	subi	r18, 0x01	; 1
     d3e:	31 09       	sbc	r19, r1
     d40:	20 68       	ori	r18, 0x80	; 128
     d42:	3f 6f       	ori	r19, 0xFF	; 255
     d44:	2f 5f       	subi	r18, 0xFF	; 255
     d46:	3f 4f       	sbci	r19, 0xFF	; 255
     d48:	90 91 63 05 	lds	r25, 0x0563	; 0x800563 <tx_tail>
     d4c:	92 13       	cpse	r25, r18
     d4e:	05 c0       	rjmp	.+10     	; 0xd5a <tx_enqueue+0x30>
     d50:	81 e0       	ldi	r24, 0x01	; 1
     d52:	80 93 5f 05 	sts	0x055F, r24	; 0x80055f <tx_ovf_flag>
     d56:	80 e0       	ldi	r24, 0x00	; 0
     d58:	08 95       	ret
     d5a:	e0 91 62 05 	lds	r30, 0x0562	; 0x800562 <tx_head>
     d5e:	f0 e0       	ldi	r31, 0x00	; 0
     d60:	ec 59       	subi	r30, 0x9C	; 156
     d62:	fa 4f       	sbci	r31, 0xFA	; 250
     d64:	80 83       	st	Z, r24
     d66:	20 93 62 05 	sts	0x0562, r18	; 0x800562 <tx_head>
     d6a:	81 e0       	ldi	r24, 0x01	; 1
     d6c:	08 95       	ret

00000d6e <tx_is_empty>:
     d6e:	20 91 62 05 	lds	r18, 0x0562	; 0x800562 <tx_head>
     d72:	90 91 63 05 	lds	r25, 0x0563	; 0x800563 <tx_tail>
     d76:	81 e0       	ldi	r24, 0x01	; 1
     d78:	29 13       	cpse	r18, r25
     d7a:	80 e0       	ldi	r24, 0x00	; 0
     d7c:	08 95       	ret

00000d7e <tx_dequeue>:
     d7e:	cf 93       	push	r28
     d80:	df 93       	push	r29
     d82:	ec 01       	movw	r28, r24
     d84:	0e 94 b7 06 	call	0xd6e	; 0xd6e <tx_is_empty>
     d88:	81 11       	cpse	r24, r1
     d8a:	17 c0       	rjmp	.+46     	; 0xdba <tx_dequeue+0x3c>
     d8c:	e0 91 63 05 	lds	r30, 0x0563	; 0x800563 <tx_tail>
     d90:	f0 e0       	ldi	r31, 0x00	; 0
     d92:	ec 59       	subi	r30, 0x9C	; 156
     d94:	fa 4f       	sbci	r31, 0xFA	; 250
     d96:	80 81       	ld	r24, Z
     d98:	88 83       	st	Y, r24
     d9a:	80 91 63 05 	lds	r24, 0x0563	; 0x800563 <tx_tail>
     d9e:	90 e0       	ldi	r25, 0x00	; 0
     da0:	01 96       	adiw	r24, 0x01	; 1
     da2:	8f 77       	andi	r24, 0x7F	; 127
     da4:	90 78       	andi	r25, 0x80	; 128
     da6:	99 23       	and	r25, r25
     da8:	24 f4       	brge	.+8      	; 0xdb2 <tx_dequeue+0x34>
     daa:	01 97       	sbiw	r24, 0x01	; 1
     dac:	80 68       	ori	r24, 0x80	; 128
     dae:	9f 6f       	ori	r25, 0xFF	; 255
     db0:	01 96       	adiw	r24, 0x01	; 1
     db2:	80 93 63 05 	sts	0x0563, r24	; 0x800563 <tx_tail>
     db6:	81 e0       	ldi	r24, 0x01	; 1
     db8:	01 c0       	rjmp	.+2      	; 0xdbc <tx_dequeue+0x3e>
     dba:	80 e0       	ldi	r24, 0x00	; 0
     dbc:	df 91       	pop	r29
     dbe:	cf 91       	pop	r28
     dc0:	08 95       	ret

00000dc2 <usart0_init>:
     dc2:	cf 92       	push	r12
     dc4:	df 92       	push	r13
     dc6:	ef 92       	push	r14
     dc8:	ff 92       	push	r15
     dca:	0f 93       	push	r16
     dcc:	1f 93       	push	r17
     dce:	6b 01       	movw	r12, r22
     dd0:	7c 01       	movw	r14, r24
     dd2:	ca 01       	movw	r24, r20
     dd4:	b9 01       	movw	r22, r18
     dd6:	97 01       	movw	r18, r14
     dd8:	86 01       	movw	r16, r12
     dda:	00 0f       	add	r16, r16
     ddc:	11 1f       	adc	r17, r17
     dde:	22 1f       	adc	r18, r18
     de0:	33 1f       	adc	r19, r19
     de2:	00 0f       	add	r16, r16
     de4:	11 1f       	adc	r17, r17
     de6:	22 1f       	adc	r18, r18
     de8:	33 1f       	adc	r19, r19
     dea:	a9 01       	movw	r20, r18
     dec:	98 01       	movw	r18, r16
     dee:	22 0f       	add	r18, r18
     df0:	33 1f       	adc	r19, r19
     df2:	44 1f       	adc	r20, r20
     df4:	55 1f       	adc	r21, r21
     df6:	22 0f       	add	r18, r18
     df8:	33 1f       	adc	r19, r19
     dfa:	44 1f       	adc	r20, r20
     dfc:	55 1f       	adc	r21, r21
     dfe:	0e 94 f6 09 	call	0x13ec	; 0x13ec <__udivmodsi4>
     e02:	21 50       	subi	r18, 0x01	; 1
     e04:	31 09       	sbc	r19, r1
     e06:	10 92 c0 00 	sts	0x00C0, r1	; 0x8000c0 <__TEXT_REGION_LENGTH__+0x7f80c0>
     e0a:	30 93 c5 00 	sts	0x00C5, r19	; 0x8000c5 <__TEXT_REGION_LENGTH__+0x7f80c5>
     e0e:	20 93 c4 00 	sts	0x00C4, r18	; 0x8000c4 <__TEXT_REGION_LENGTH__+0x7f80c4>
     e12:	86 e0       	ldi	r24, 0x06	; 6
     e14:	80 93 c2 00 	sts	0x00C2, r24	; 0x8000c2 <__TEXT_REGION_LENGTH__+0x7f80c2>
     e18:	10 92 e4 05 	sts	0x05E4, r1	; 0x8005e4 <rx_head>
     e1c:	10 92 e5 05 	sts	0x05E5, r1	; 0x8005e5 <rx_tail>
     e20:	10 92 62 05 	sts	0x0562, r1	; 0x800562 <tx_head>
     e24:	10 92 63 05 	sts	0x0563, r1	; 0x800563 <tx_tail>
     e28:	10 92 61 05 	sts	0x0561, r1	; 0x800561 <rx_flag>
     e2c:	10 92 60 05 	sts	0x0560, r1	; 0x800560 <rx_ovf_flag>
     e30:	10 92 5f 05 	sts	0x055F, r1	; 0x80055f <tx_ovf_flag>
     e34:	88 e9       	ldi	r24, 0x98	; 152
     e36:	80 93 c1 00 	sts	0x00C1, r24	; 0x8000c1 <__TEXT_REGION_LENGTH__+0x7f80c1>
     e3a:	1f 91       	pop	r17
     e3c:	0f 91       	pop	r16
     e3e:	ff 90       	pop	r15
     e40:	ef 90       	pop	r14
     e42:	df 90       	pop	r13
     e44:	cf 90       	pop	r12
     e46:	08 95       	ret

00000e48 <usart0_rx_available>:
     e48:	f8 94       	cli
     e4a:	0e 94 6b 06 	call	0xcd6	; 0xcd6 <rx_is_empty>
     e4e:	78 94       	sei
     e50:	91 e0       	ldi	r25, 0x01	; 1
     e52:	89 27       	eor	r24, r25
     e54:	08 95       	ret

00000e56 <usart0_read>:

bool usart0_read(uint8_t *c)
{
     e56:	cf 93       	push	r28
     e58:	df 93       	push	r29
     e5a:	ec 01       	movw	r28, r24
	cli();
     e5c:	f8 94       	cli
	if(rx_is_empty())
     e5e:	0e 94 6b 06 	call	0xcd6	; 0xcd6 <rx_is_empty>
     e62:	88 23       	and	r24, r24
     e64:	19 f0       	breq	.+6      	; 0xe6c <usart0_read+0x16>
	{
		sei();
     e66:	78 94       	sei
		return false;
     e68:	80 e0       	ldi	r24, 0x00	; 0
     e6a:	05 c0       	rjmp	.+10     	; 0xe76 <usart0_read+0x20>
	}
	rx_dequeue(c);
     e6c:	ce 01       	movw	r24, r28
     e6e:	0e 94 73 06 	call	0xce6	; 0xce6 <rx_dequeue>
	sei();
     e72:	78 94       	sei
	return true;
     e74:	81 e0       	ldi	r24, 0x01	; 1
}
     e76:	df 91       	pop	r29
     e78:	cf 91       	pop	r28
     e7a:	08 95       	ret

00000e7c <usart0_write>:

bool usart0_write(uint8_t c)
{
	cli();
     e7c:	f8 94       	cli
	bool f = tx_enqueue(c);
     e7e:	0e 94 95 06 	call	0xd2a	; 0xd2a <tx_enqueue>
	if(f)
     e82:	88 23       	and	r24, r24
     e84:	29 f0       	breq	.+10     	; 0xe90 <usart0_write+0x14>
	{
		UCSR0B |= (1<<UDRIE0);
     e86:	e1 ec       	ldi	r30, 0xC1	; 193
     e88:	f0 e0       	ldi	r31, 0x00	; 0
     e8a:	90 81       	ld	r25, Z
     e8c:	90 62       	ori	r25, 0x20	; 32
     e8e:	90 83       	st	Z, r25
	}
	sei();
     e90:	78 94       	sei
	return f;
}
     e92:	08 95       	ret

00000e94 <__vector_18>:
 *		  so the hardware flag can be cleared in order to not block 
 *		  future receptions.
 */

ISR(USART_RX_vect)
{
     e94:	1f 92       	push	r1
     e96:	0f 92       	push	r0
     e98:	0f b6       	in	r0, 0x3f	; 63
     e9a:	0f 92       	push	r0
     e9c:	11 24       	eor	r1, r1
     e9e:	2f 93       	push	r18
     ea0:	3f 93       	push	r19
     ea2:	4f 93       	push	r20
     ea4:	5f 93       	push	r21
     ea6:	6f 93       	push	r22
     ea8:	7f 93       	push	r23
     eaa:	8f 93       	push	r24
     eac:	9f 93       	push	r25
     eae:	af 93       	push	r26
     eb0:	bf 93       	push	r27
     eb2:	ef 93       	push	r30
     eb4:	ff 93       	push	r31
	uint8_t c = UDR0;
     eb6:	80 91 c6 00 	lds	r24, 0x00C6	; 0x8000c6 <__TEXT_REGION_LENGTH__+0x7f80c6>
	rx_enqueue(c);
     eba:	0e 94 49 06 	call	0xc92	; 0xc92 <rx_enqueue>
	rx_flag = true;
     ebe:	81 e0       	ldi	r24, 0x01	; 1
     ec0:	80 93 61 05 	sts	0x0561, r24	; 0x800561 <rx_flag>
}
     ec4:	ff 91       	pop	r31
     ec6:	ef 91       	pop	r30
     ec8:	bf 91       	pop	r27
     eca:	af 91       	pop	r26
     ecc:	9f 91       	pop	r25
     ece:	8f 91       	pop	r24
     ed0:	7f 91       	pop	r23
     ed2:	6f 91       	pop	r22
     ed4:	5f 91       	pop	r21
     ed6:	4f 91       	pop	r20
     ed8:	3f 91       	pop	r19
     eda:	2f 91       	pop	r18
     edc:	0f 90       	pop	r0
     ede:	0f be       	out	0x3f, r0	; 63
     ee0:	0f 90       	pop	r0
     ee2:	1f 90       	pop	r1
     ee4:	18 95       	reti

00000ee6 <__vector_19>:
 *		  Its called when UDR0 is ready to receive the next byte.
 *		  If TX buffer is empty, the interruption gets disabled so 
 *		  it doesnt keeps calling.
 */
ISR(USART_UDRE_vect)
{
     ee6:	1f 92       	push	r1
     ee8:	0f 92       	push	r0
     eea:	0f b6       	in	r0, 0x3f	; 63
     eec:	0f 92       	push	r0
     eee:	11 24       	eor	r1, r1
     ef0:	2f 93       	push	r18
     ef2:	3f 93       	push	r19
     ef4:	4f 93       	push	r20
     ef6:	5f 93       	push	r21
     ef8:	6f 93       	push	r22
     efa:	7f 93       	push	r23
     efc:	8f 93       	push	r24
     efe:	9f 93       	push	r25
     f00:	af 93       	push	r26
     f02:	bf 93       	push	r27
     f04:	ef 93       	push	r30
     f06:	ff 93       	push	r31
     f08:	cf 93       	push	r28
     f0a:	df 93       	push	r29
     f0c:	1f 92       	push	r1
     f0e:	cd b7       	in	r28, 0x3d	; 61
     f10:	de b7       	in	r29, 0x3e	; 62
	uint8_t c;
	if(tx_dequeue(&c))
     f12:	ce 01       	movw	r24, r28
     f14:	01 96       	adiw	r24, 0x01	; 1
     f16:	0e 94 bf 06 	call	0xd7e	; 0xd7e <tx_dequeue>
     f1a:	88 23       	and	r24, r24
     f1c:	21 f0       	breq	.+8      	; 0xf26 <__vector_19+0x40>
	{
		UDR0 = c;
     f1e:	89 81       	ldd	r24, Y+1	; 0x01
     f20:	80 93 c6 00 	sts	0x00C6, r24	; 0x8000c6 <__TEXT_REGION_LENGTH__+0x7f80c6>
     f24:	05 c0       	rjmp	.+10     	; 0xf30 <__vector_19+0x4a>
	}
	else
	{
		UCSR0B &= ~(1<<UDRIE0);
     f26:	e1 ec       	ldi	r30, 0xC1	; 193
     f28:	f0 e0       	ldi	r31, 0x00	; 0
     f2a:	80 81       	ld	r24, Z
     f2c:	8f 7d       	andi	r24, 0xDF	; 223
     f2e:	80 83       	st	Z, r24
	}
}
     f30:	0f 90       	pop	r0
     f32:	df 91       	pop	r29
     f34:	cf 91       	pop	r28
     f36:	ff 91       	pop	r31
     f38:	ef 91       	pop	r30
     f3a:	bf 91       	pop	r27
     f3c:	af 91       	pop	r26
     f3e:	9f 91       	pop	r25
     f40:	8f 91       	pop	r24
     f42:	7f 91       	pop	r23
     f44:	6f 91       	pop	r22
     f46:	5f 91       	pop	r21
     f48:	4f 91       	pop	r20
     f4a:	3f 91       	pop	r19
     f4c:	2f 91       	pop	r18
     f4e:	0f 90       	pop	r0
     f50:	0f be       	out	0x3f, r0	; 63
     f52:	0f 90       	pop	r0
     f54:	1f 90       	pop	r1
     f56:	18 95       	reti

00000f58 <dht_wait_level>:
	return DHT11_OK;
}

static dht11_status_t dht_wait_level(uint8_t level, uint16_t timeout_us)
{
	while (timeout_us--) {
     f58:	0e c0       	rjmp	.+28     	; 0xf76 <dht_wait_level+0x1e>
		if (DHT_READ() == level) {
     f5a:	96 b1       	in	r25, 0x06	; 6
     f5c:	29 2f       	mov	r18, r25
     f5e:	21 70       	andi	r18, 0x01	; 1
     f60:	30 e0       	ldi	r19, 0x00	; 0
     f62:	68 2f       	mov	r22, r24
     f64:	70 e0       	ldi	r23, 0x00	; 0
     f66:	26 17       	cp	r18, r22
     f68:	37 07       	cpc	r19, r23
     f6a:	61 f0       	breq	.+24     	; 0xf84 <dht_wait_level+0x2c>
	#else
		//round up by default
		__ticks_dc = (uint32_t)(ceil(fabs(__tmp)));
	#endif

	__builtin_avr_delay_cycles(__ticks_dc);
     f6c:	95 e0       	ldi	r25, 0x05	; 5
     f6e:	9a 95       	dec	r25
     f70:	f1 f7       	brne	.-4      	; 0xf6e <dht_wait_level+0x16>
     f72:	00 00       	nop
	return DHT11_OK;
}

static dht11_status_t dht_wait_level(uint8_t level, uint16_t timeout_us)
{
	while (timeout_us--) {
     f74:	ba 01       	movw	r22, r20
     f76:	ab 01       	movw	r20, r22
     f78:	41 50       	subi	r20, 0x01	; 1
     f7a:	51 09       	sbc	r21, r1
     f7c:	67 2b       	or	r22, r23
     f7e:	69 f7       	brne	.-38     	; 0xf5a <dht_wait_level+0x2>
			return DHT11_OK;
		}
		_delay_us(1);
	}

	return DHT11_ERR_TIMEOUT;
     f80:	82 e0       	ldi	r24, 0x02	; 2
     f82:	08 95       	ret

static dht11_status_t dht_wait_level(uint8_t level, uint16_t timeout_us)
{
	while (timeout_us--) {
		if (DHT_READ() == level) {
			return DHT11_OK;
     f84:	80 e0       	ldi	r24, 0x00	; 0
		}
		_delay_us(1);
	}

	return DHT11_ERR_TIMEOUT;
}
     f86:	08 95       	ret

00000f88 <dht_check_presence>:

static dht11_status_t dht_check_presence(void)
{

	//START
	DHT_SET_OUTPUT();	//Enviamos 18ms de low 
     f88:	87 b1       	in	r24, 0x07	; 7
     f8a:	81 60       	ori	r24, 0x01	; 1
     f8c:	87 b9       	out	0x07, r24	; 7
	DHT_LOW();
     f8e:	88 b1       	in	r24, 0x08	; 8
     f90:	8e 7f       	andi	r24, 0xFE	; 254
     f92:	88 b9       	out	0x08, r24	; 8
	#else
		//round up by default
		__ticks_dc = (uint32_t)(ceil(fabs(__tmp)));
	#endif

	__builtin_avr_delay_cycles(__ticks_dc);
     f94:	2f ef       	ldi	r18, 0xFF	; 255
     f96:	80 ee       	ldi	r24, 0xE0	; 224
     f98:	90 e0       	ldi	r25, 0x00	; 0
     f9a:	21 50       	subi	r18, 0x01	; 1
     f9c:	80 40       	sbci	r24, 0x00	; 0
     f9e:	90 40       	sbci	r25, 0x00	; 0
     fa0:	e1 f7       	brne	.-8      	; 0xf9a <dht_check_presence+0x12>
     fa2:	00 c0       	rjmp	.+0      	; 0xfa4 <dht_check_presence+0x1c>
     fa4:	00 00       	nop
	_delay_ms(18);
	DHT_SET_INPUT();	//Volvemos a setear pin como input
     fa6:	87 b1       	in	r24, 0x07	; 7
     fa8:	8e 7f       	andi	r24, 0xFE	; 254
     faa:	87 b9       	out	0x07, r24	; 7
	#else
		//round up by default
		__ticks_dc = (uint32_t)(ceil(fabs(__tmp)));
	#endif

	__builtin_avr_delay_cycles(__ticks_dc);
     fac:	20 ea       	ldi	r18, 0xA0	; 160
     fae:	2a 95       	dec	r18
     fb0:	f1 f7       	brne	.-4      	; 0xfae <dht_check_presence+0x26>
	_delay_us(30);

	 //Sensor response 
	if (dht_wait_level(0, 60) != DHT11_OK) {
     fb2:	6c e3       	ldi	r22, 0x3C	; 60
     fb4:	70 e0       	ldi	r23, 0x00	; 0
     fb6:	80 e0       	ldi	r24, 0x00	; 0
     fb8:	0e 94 ac 07 	call	0xf58	; 0xf58 <dht_wait_level>
     fbc:	81 11       	cpse	r24, r1
     fbe:	0f c0       	rjmp	.+30     	; 0xfde <dht_check_presence+0x56>
		return DHT11_ERR_NO_RESPONSE;
	}

	if (dht_wait_level(1, 160) != DHT11_OK) {
     fc0:	60 ea       	ldi	r22, 0xA0	; 160
     fc2:	70 e0       	ldi	r23, 0x00	; 0
     fc4:	81 e0       	ldi	r24, 0x01	; 1
     fc6:	0e 94 ac 07 	call	0xf58	; 0xf58 <dht_wait_level>
     fca:	81 11       	cpse	r24, r1
     fcc:	0a c0       	rjmp	.+20     	; 0xfe2 <dht_check_presence+0x5a>
		return DHT11_ERR_NO_RESPONSE;
	}

	if (dht_wait_level(0, 160) != DHT11_OK) {
     fce:	60 ea       	ldi	r22, 0xA0	; 160
     fd0:	70 e0       	ldi	r23, 0x00	; 0
     fd2:	0e 94 ac 07 	call	0xf58	; 0xf58 <dht_wait_level>
     fd6:	88 23       	and	r24, r24
     fd8:	29 f0       	breq	.+10     	; 0xfe4 <dht_check_presence+0x5c>
		return DHT11_ERR_NO_RESPONSE;
     fda:	81 e0       	ldi	r24, 0x01	; 1
     fdc:	08 95       	ret
	DHT_SET_INPUT();	//Volvemos a setear pin como input
	_delay_us(30);

	 //Sensor response 
	if (dht_wait_level(0, 60) != DHT11_OK) {
		return DHT11_ERR_NO_RESPONSE;
     fde:	81 e0       	ldi	r24, 0x01	; 1
     fe0:	08 95       	ret
	}

	if (dht_wait_level(1, 160) != DHT11_OK) {
		return DHT11_ERR_NO_RESPONSE;
     fe2:	81 e0       	ldi	r24, 0x01	; 1
	if (dht_wait_level(0, 160) != DHT11_OK) {
		return DHT11_ERR_NO_RESPONSE;
	}
	return DHT11_OK;
	
}
     fe4:	08 95       	ret

00000fe6 <dht_read_raw>:

static dht11_status_t dht_read_raw(void)
{
     fe6:	cf 93       	push	r28
     fe8:	df 93       	push	r29
	uint8_t i, j;

	for (i = 0; i < 5; i++) {
     fea:	80 e0       	ldi	r24, 0x00	; 0
     fec:	06 c0       	rjmp	.+12     	; 0xffa <dht_read_raw+0x14>
		dht_raw[i] = 0;
     fee:	e8 2f       	mov	r30, r24
     ff0:	f0 e0       	ldi	r31, 0x00	; 0
     ff2:	ea 50       	subi	r30, 0x0A	; 10
     ff4:	fa 4f       	sbci	r31, 0xFA	; 250
     ff6:	10 82       	st	Z, r1

static dht11_status_t dht_read_raw(void)
{
	uint8_t i, j;

	for (i = 0; i < 5; i++) {
     ff8:	8f 5f       	subi	r24, 0xFF	; 255
     ffa:	85 30       	cpi	r24, 0x05	; 5
     ffc:	c0 f3       	brcs	.-16     	; 0xfee <dht_read_raw+0x8>
     ffe:	d0 e0       	ldi	r29, 0x00	; 0
    1000:	2b c0       	rjmp	.+86     	; 0x1058 <dht_read_raw+0x72>

	for (i = 0; i < 5; i++) {
		for (j = 0; j < 8; j++) {

			// Esperar el comienzo del HIGH
			if (dht_wait_level(1, 160) != DHT11_OK)
    1002:	60 ea       	ldi	r22, 0xA0	; 160
    1004:	70 e0       	ldi	r23, 0x00	; 0
    1006:	81 e0       	ldi	r24, 0x01	; 1
    1008:	0e 94 ac 07 	call	0xf58	; 0xf58 <dht_wait_level>
    100c:	81 11       	cpse	r24, r1
    100e:	28 c0       	rjmp	.+80     	; 0x1060 <dht_read_raw+0x7a>
    1010:	07 c0       	rjmp	.+14     	; 0x1020 <dht_read_raw+0x3a>
    1012:	95 e0       	ldi	r25, 0x05	; 5
    1014:	9a 95       	dec	r25
    1016:	f1 f7       	brne	.-4      	; 0x1014 <dht_read_raw+0x2e>
    1018:	00 00       	nop

			// Medir cuánto dura el HIGH
			uint8_t pulse_width = 0;
			while (DHT_READ()) {
				_delay_us(1);
				pulse_width++;
    101a:	8f 5f       	subi	r24, 0xFF	; 255

				if (pulse_width >= 120)
    101c:	88 37       	cpi	r24, 0x78	; 120
    101e:	10 f5       	brcc	.+68     	; 0x1064 <dht_read_raw+0x7e>
			if (dht_wait_level(1, 160) != DHT11_OK)
			return DHT11_ERR_TIMEOUT;

			// Medir cuánto dura el HIGH
			uint8_t pulse_width = 0;
			while (DHT_READ()) {
    1020:	30 99       	sbic	0x06, 0	; 6
    1022:	f7 cf       	rjmp	.-18     	; 0x1012 <dht_read_raw+0x2c>
				if (pulse_width >= 120)
				return DHT11_ERR_TIMEOUT;
			}

			// Si duró más de ~40 us, es un 1
			if (pulse_width >= 40) {
    1024:	88 32       	cpi	r24, 0x28	; 40
    1026:	90 f0       	brcs	.+36     	; 0x104c <dht_read_raw+0x66>
				dht_raw[i] |= (1 << (7 - j));
    1028:	ed 2f       	mov	r30, r29
    102a:	f0 e0       	ldi	r31, 0x00	; 0
    102c:	27 e0       	ldi	r18, 0x07	; 7
    102e:	30 e0       	ldi	r19, 0x00	; 0
    1030:	2c 1b       	sub	r18, r28
    1032:	31 09       	sbc	r19, r1
    1034:	81 e0       	ldi	r24, 0x01	; 1
    1036:	90 e0       	ldi	r25, 0x00	; 0
    1038:	02 c0       	rjmp	.+4      	; 0x103e <dht_read_raw+0x58>
    103a:	88 0f       	add	r24, r24
    103c:	99 1f       	adc	r25, r25
    103e:	2a 95       	dec	r18
    1040:	e2 f7       	brpl	.-8      	; 0x103a <dht_read_raw+0x54>
    1042:	ea 50       	subi	r30, 0x0A	; 10
    1044:	fa 4f       	sbci	r31, 0xFA	; 250
    1046:	90 81       	ld	r25, Z
    1048:	89 2b       	or	r24, r25
    104a:	80 83       	st	Z, r24
	for (i = 0; i < 5; i++) {
		dht_raw[i] = 0;
	}

	for (i = 0; i < 5; i++) {
		for (j = 0; j < 8; j++) {
    104c:	cf 5f       	subi	r28, 0xFF	; 255
    104e:	01 c0       	rjmp	.+2      	; 0x1052 <dht_read_raw+0x6c>
    1050:	c0 e0       	ldi	r28, 0x00	; 0
    1052:	c8 30       	cpi	r28, 0x08	; 8
    1054:	b0 f2       	brcs	.-84     	; 0x1002 <dht_read_raw+0x1c>

	for (i = 0; i < 5; i++) {
		dht_raw[i] = 0;
	}

	for (i = 0; i < 5; i++) {
    1056:	df 5f       	subi	r29, 0xFF	; 255
    1058:	d5 30       	cpi	r29, 0x05	; 5
    105a:	d0 f3       	brcs	.-12     	; 0x1050 <dht_read_raw+0x6a>
				dht_raw[i] |= (1 << (7 - j));
			}
		}
	}

	return DHT11_OK;
    105c:	80 e0       	ldi	r24, 0x00	; 0
    105e:	03 c0       	rjmp	.+6      	; 0x1066 <dht_read_raw+0x80>
	for (i = 0; i < 5; i++) {
		for (j = 0; j < 8; j++) {

			// Esperar el comienzo del HIGH
			if (dht_wait_level(1, 160) != DHT11_OK)
			return DHT11_ERR_TIMEOUT;
    1060:	82 e0       	ldi	r24, 0x02	; 2
    1062:	01 c0       	rjmp	.+2      	; 0x1066 <dht_read_raw+0x80>
			while (DHT_READ()) {
				_delay_us(1);
				pulse_width++;

				if (pulse_width >= 120)
				return DHT11_ERR_TIMEOUT;
    1064:	82 e0       	ldi	r24, 0x02	; 2
			}
		}
	}

	return DHT11_OK;
    1066:	df 91       	pop	r29
    1068:	cf 91       	pop	r28
    106a:	08 95       	ret

0000106c <dht11_read>:
static dht11_status_t dht_read_raw(void);


/*===== [Implementations of public functions] ==================*/
dht11_status_t dht11_read(dht11_data_t *data)
{
    106c:	cf 93       	push	r28
    106e:	df 93       	push	r29
    1070:	ec 01       	movw	r28, r24
	dht11_status_t status;
	cli();
    1072:	f8 94       	cli
	status = dht_check_presence();	//Verificamos el estado del sensor
    1074:	0e 94 c4 07 	call	0xf88	; 0xf88 <dht_check_presence>
	if (status != DHT11_OK){
    1078:	88 23       	and	r24, r24
    107a:	11 f0       	breq	.+4      	; 0x1080 <dht11_read+0x14>
		sei();	
    107c:	78 94       	sei
		return status;	
    107e:	20 c0       	rjmp	.+64     	; 0x10c0 <dht11_read+0x54>
	}
	
	status = dht_read_raw();
    1080:	0e 94 f3 07 	call	0xfe6	; 0xfe6 <dht_read_raw>
	if (status != DHT11_OK){
    1084:	88 23       	and	r24, r24
    1086:	11 f0       	breq	.+4      	; 0x108c <dht11_read+0x20>
		sei();
    1088:	78 94       	sei
		return status;
    108a:	1a c0       	rjmp	.+52     	; 0x10c0 <dht11_read+0x54>
	}

	/* checksum */ //Verifica que la suma de los datos enviados mod 256 sea igual al que tiene el sensor
	if ((uint8_t)(dht_raw[0] + dht_raw[1] + dht_raw[2] + dht_raw[3]) != dht_raw[4]){
    108c:	e6 ef       	ldi	r30, 0xF6	; 246
    108e:	f5 e0       	ldi	r31, 0x05	; 5
    1090:	30 81       	ld	r19, Z
    1092:	81 81       	ldd	r24, Z+1	; 0x01
    1094:	22 81       	ldd	r18, Z+2	; 0x02
    1096:	93 81       	ldd	r25, Z+3	; 0x03
    1098:	83 0f       	add	r24, r19
    109a:	82 0f       	add	r24, r18
    109c:	89 0f       	add	r24, r25
    109e:	94 81       	ldd	r25, Z+4	; 0x04
    10a0:	89 17       	cp	r24, r25
    10a2:	19 f0       	breq	.+6      	; 0x10aa <dht11_read+0x3e>
		sei();
    10a4:	78 94       	sei
		return DHT11_ERR_CHECKSUM;	
    10a6:	83 e0       	ldi	r24, 0x03	; 3
    10a8:	0b c0       	rjmp	.+22     	; 0x10c0 <dht11_read+0x54>
	}

	data->humidity_int    = dht_raw[0];
    10aa:	38 83       	st	Y, r19
	data->humidity_dec    = dht_raw[1];
    10ac:	e6 ef       	ldi	r30, 0xF6	; 246
    10ae:	f5 e0       	ldi	r31, 0x05	; 5
    10b0:	81 81       	ldd	r24, Z+1	; 0x01
    10b2:	89 83       	std	Y+1, r24	; 0x01
	data->temperature_int = dht_raw[2];
    10b4:	82 81       	ldd	r24, Z+2	; 0x02
    10b6:	8a 83       	std	Y+2, r24	; 0x02
	data->temperature_dec = dht_raw[3];
    10b8:	83 81       	ldd	r24, Z+3	; 0x03
    10ba:	8b 83       	std	Y+3, r24	; 0x03

	sei();
    10bc:	78 94       	sei
	return DHT11_OK;
    10be:	80 e0       	ldi	r24, 0x00	; 0
}
    10c0:	df 91       	pop	r29
    10c2:	cf 91       	pop	r28
    10c4:	08 95       	ret

000010c6 <twi_finish_ok>:
    mode   = TWI_READING;

    TWI_SEND_START();
    sei();
    return true;
}
    10c6:	84 e9       	ldi	r24, 0x94	; 148
    10c8:	80 93 bc 00 	sts	0x00BC, r24	; 0x8000bc <__TEXT_REGION_LENGTH__+0x7f80bc>
    10cc:	10 92 04 06 	sts	0x0604, r1	; 0x800604 <result>
    10d0:	81 e0       	ldi	r24, 0x01	; 1
    10d2:	80 93 0a 06 	sts	0x060A, r24	; 0x80060a <TWI_DONE_FLAG>
    10d6:	10 92 05 06 	sts	0x0605, r1	; 0x800605 <mode>
    10da:	08 95       	ret

000010dc <twi_finish_error>:
    10dc:	94 e9       	ldi	r25, 0x94	; 148
    10de:	90 93 bc 00 	sts	0x00BC, r25	; 0x8000bc <__TEXT_REGION_LENGTH__+0x7f80bc>
    10e2:	80 93 04 06 	sts	0x0604, r24	; 0x800604 <result>
    10e6:	81 e0       	ldi	r24, 0x01	; 1
    10e8:	80 93 08 06 	sts	0x0608, r24	; 0x800608 <TWI_ERROR_FLAG>
    10ec:	10 92 05 06 	sts	0x0605, r1	; 0x800605 <mode>
    10f0:	08 95       	ret

000010f2 <twi_init>:
    10f2:	10 92 b9 00 	sts	0x00B9, r1	; 0x8000b9 <__TEXT_REGION_LENGTH__+0x7f80b9>
    10f6:	0e 94 f6 09 	call	0x13ec	; 0x13ec <__udivmodsi4>
    10fa:	da 01       	movw	r26, r20
    10fc:	c9 01       	movw	r24, r18
    10fe:	40 97       	sbiw	r24, 0x10	; 16
    1100:	a1 09       	sbc	r26, r1
    1102:	b1 09       	sbc	r27, r1
    1104:	b6 95       	lsr	r27
    1106:	a7 95       	ror	r26
    1108:	97 95       	ror	r25
    110a:	87 95       	ror	r24
    110c:	80 93 b8 00 	sts	0x00B8, r24	; 0x8000b8 <__TEXT_REGION_LENGTH__+0x7f80b8>
    1110:	10 92 0a 06 	sts	0x060A, r1	; 0x80060a <TWI_DONE_FLAG>
    1114:	10 92 08 06 	sts	0x0608, r1	; 0x800608 <TWI_ERROR_FLAG>
    1118:	10 92 05 06 	sts	0x0605, r1	; 0x800605 <mode>
    111c:	10 92 04 06 	sts	0x0604, r1	; 0x800604 <result>
    1120:	84 e0       	ldi	r24, 0x04	; 4
    1122:	80 93 bc 00 	sts	0x00BC, r24	; 0x8000bc <__TEXT_REGION_LENGTH__+0x7f80bc>
    1126:	08 95       	ret

00001128 <twi_busy>:
    1128:	90 91 05 06 	lds	r25, 0x0605	; 0x800605 <mode>
    112c:	81 e0       	ldi	r24, 0x01	; 1
    112e:	91 11       	cpse	r25, r1
    1130:	01 c0       	rjmp	.+2      	; 0x1134 <twi_busy+0xc>
    1132:	80 e0       	ldi	r24, 0x00	; 0
    1134:	08 95       	ret

00001136 <twi_done>:
    1136:	f8 94       	cli
    1138:	80 91 0a 06 	lds	r24, 0x060A	; 0x80060a <TWI_DONE_FLAG>
    113c:	10 92 0a 06 	sts	0x060A, r1	; 0x80060a <TWI_DONE_FLAG>
    1140:	78 94       	sei
    1142:	08 95       	ret

00001144 <twi_master_write>:
    1144:	f8 94       	cli
    1146:	90 91 05 06 	lds	r25, 0x0605	; 0x800605 <mode>
    114a:	99 23       	and	r25, r25
    114c:	19 f0       	breq	.+6      	; 0x1154 <twi_master_write+0x10>
    114e:	78 94       	sei
    1150:	80 e0       	ldi	r24, 0x00	; 0
    1152:	08 95       	ret
    1154:	80 93 03 06 	sts	0x0603, r24	; 0x800603 <sla>
    1158:	70 93 02 06 	sts	0x0602, r23	; 0x800602 <tx_buf+0x1>
    115c:	60 93 01 06 	sts	0x0601, r22	; 0x800601 <tx_buf>
    1160:	40 93 00 06 	sts	0x0600, r20	; 0x800600 <tx_len>
    1164:	10 92 ff 05 	sts	0x05FF, r1	; 0x8005ff <tx_idx>
    1168:	10 92 fe 05 	sts	0x05FE, r1	; 0x8005fe <rx_buf+0x1>
    116c:	10 92 fd 05 	sts	0x05FD, r1	; 0x8005fd <rx_buf>
    1170:	10 92 fc 05 	sts	0x05FC, r1	; 0x8005fc <rx_len>
    1174:	10 92 fb 05 	sts	0x05FB, r1	; 0x8005fb <rx_idx>
    1178:	81 e0       	ldi	r24, 0x01	; 1
    117a:	80 93 05 06 	sts	0x0605, r24	; 0x800605 <mode>
    117e:	85 ea       	ldi	r24, 0xA5	; 165
    1180:	80 93 bc 00 	sts	0x00BC, r24	; 0x8000bc <__TEXT_REGION_LENGTH__+0x7f80bc>
    1184:	78 94       	sei
    1186:	81 e0       	ldi	r24, 0x01	; 1
    1188:	08 95       	ret

0000118a <twi_master_write_read>:

bool twi_master_write_read(uint8_t addr,
                           const uint8_t *wr, uint8_t wr_len,
                           uint8_t *rd,       uint8_t rd_len)
{
    118a:	0f 93       	push	r16
    if(rd_len == 0) return false;
    118c:	00 23       	and	r16, r16
    118e:	19 f1       	breq	.+70     	; 0x11d6 <twi_master_write_read+0x4c>

    cli();
    1190:	f8 94       	cli
    if(mode != TWI_IDLE) { sei(); return false; }
    1192:	90 91 05 06 	lds	r25, 0x0605	; 0x800605 <mode>
    1196:	99 23       	and	r25, r25
    1198:	19 f0       	breq	.+6      	; 0x11a0 <twi_master_write_read+0x16>
    119a:	78 94       	sei
    119c:	80 e0       	ldi	r24, 0x00	; 0
    119e:	1c c0       	rjmp	.+56     	; 0x11d8 <twi_master_write_read+0x4e>

    sla    = addr;
    11a0:	80 93 03 06 	sts	0x0603, r24	; 0x800603 <sla>
    tx_buf = wr;
    11a4:	70 93 02 06 	sts	0x0602, r23	; 0x800602 <tx_buf+0x1>
    11a8:	60 93 01 06 	sts	0x0601, r22	; 0x800601 <tx_buf>
    tx_len = wr_len;
    11ac:	40 93 00 06 	sts	0x0600, r20	; 0x800600 <tx_len>
    tx_idx = 0;
    11b0:	10 92 ff 05 	sts	0x05FF, r1	; 0x8005ff <tx_idx>
    rx_buf = rd;    
    11b4:	30 93 fe 05 	sts	0x05FE, r19	; 0x8005fe <rx_buf+0x1>
    11b8:	20 93 fd 05 	sts	0x05FD, r18	; 0x8005fd <rx_buf>
    rx_len = rd_len;
    11bc:	00 93 fc 05 	sts	0x05FC, r16	; 0x8005fc <rx_len>
    rx_idx = 0;
    11c0:	10 92 fb 05 	sts	0x05FB, r1	; 0x8005fb <rx_idx>
    mode   = TWI_WRITING;  
    11c4:	81 e0       	ldi	r24, 0x01	; 1
    11c6:	80 93 05 06 	sts	0x0605, r24	; 0x800605 <mode>

    TWI_SEND_START();
    11ca:	85 ea       	ldi	r24, 0xA5	; 165
    11cc:	80 93 bc 00 	sts	0x00BC, r24	; 0x8000bc <__TEXT_REGION_LENGTH__+0x7f80bc>
    sei();
    11d0:	78 94       	sei
    return true;
    11d2:	81 e0       	ldi	r24, 0x01	; 1
    11d4:	01 c0       	rjmp	.+2      	; 0x11d8 <twi_master_write_read+0x4e>

bool twi_master_write_read(uint8_t addr,
                           const uint8_t *wr, uint8_t wr_len,
                           uint8_t *rd,       uint8_t rd_len)
{
    if(rd_len == 0) return false;
    11d6:	80 e0       	ldi	r24, 0x00	; 0
    mode   = TWI_WRITING;  

    TWI_SEND_START();
    sei();
    return true;
}
    11d8:	0f 91       	pop	r16
    11da:	08 95       	ret

000011dc <__vector_24>:
    mode           = TWI_IDLE;
}

/*====[Implementations of ISRs]==================================*/
ISR(TWI_vect)
{
    11dc:	1f 92       	push	r1
    11de:	0f 92       	push	r0
    11e0:	0f b6       	in	r0, 0x3f	; 63
    11e2:	0f 92       	push	r0
    11e4:	11 24       	eor	r1, r1
    11e6:	2f 93       	push	r18
    11e8:	3f 93       	push	r19
    11ea:	4f 93       	push	r20
    11ec:	5f 93       	push	r21
    11ee:	6f 93       	push	r22
    11f0:	7f 93       	push	r23
    11f2:	8f 93       	push	r24
    11f4:	9f 93       	push	r25
    11f6:	af 93       	push	r26
    11f8:	bf 93       	push	r27
    11fa:	ef 93       	push	r30
    11fc:	ff 93       	push	r31
    switch(TWSR & 0xF8)
    11fe:	80 91 b9 00 	lds	r24, 0x00B9	; 0x8000b9 <__TEXT_REGION_LENGTH__+0x7f80b9>
    1202:	e8 2f       	mov	r30, r24
    1204:	e8 7f       	andi	r30, 0xF8	; 248
    1206:	8e 2f       	mov	r24, r30
    1208:	90 e0       	ldi	r25, 0x00	; 0
    120a:	fc 01       	movw	r30, r24
    120c:	38 97       	sbiw	r30, 0x08	; 8
    120e:	e1 35       	cpi	r30, 0x51	; 81
    1210:	f1 05       	cpc	r31, r1
    1212:	08 f0       	brcs	.+2      	; 0x1216 <__vector_24+0x3a>
    1214:	90 c0       	rjmp	.+288    	; 0x1336 <__vector_24+0x15a>
    1216:	ec 5c       	subi	r30, 0xCC	; 204
    1218:	ff 4f       	sbci	r31, 0xFF	; 255
    121a:	0c 94 18 0a 	jmp	0x1430	; 0x1430 <__tablejump2__>
    {
        case TWI_ST_START:
        case TWI_ST_REP_START:
            TWDR = (mode == TWI_READING)
    121e:	80 91 05 06 	lds	r24, 0x0605	; 0x800605 <mode>
    1222:	82 30       	cpi	r24, 0x02	; 2
    1224:	39 f4       	brne	.+14     	; 0x1234 <__vector_24+0x58>
                   ? ((sla << 1) | 0x01)    /* SLA+R */
    1226:	80 91 03 06 	lds	r24, 0x0603	; 0x800603 <sla>
    122a:	90 e0       	ldi	r25, 0x00	; 0
    122c:	88 0f       	add	r24, r24
    122e:	99 1f       	adc	r25, r25
{
    switch(TWSR & 0xF8)
    {
        case TWI_ST_START:
        case TWI_ST_REP_START:
            TWDR = (mode == TWI_READING)
    1230:	81 60       	ori	r24, 0x01	; 1
    1232:	03 c0       	rjmp	.+6      	; 0x123a <__vector_24+0x5e>
    1234:	80 91 03 06 	lds	r24, 0x0603	; 0x800603 <sla>
    1238:	88 0f       	add	r24, r24
    123a:	80 93 bb 00 	sts	0x00BB, r24	; 0x8000bb <__TEXT_REGION_LENGTH__+0x7f80bb>
                   ? ((sla << 1) | 0x01)    /* SLA+R */
                   : ((sla << 1) | 0x00);   /* SLA+W */
            TWI_NEXT();
    123e:	85 e8       	ldi	r24, 0x85	; 133
    1240:	80 93 bc 00 	sts	0x00BC, r24	; 0x8000bc <__TEXT_REGION_LENGTH__+0x7f80bc>
            break;
    1244:	7b c0       	rjmp	.+246    	; 0x133c <__vector_24+0x160>

        case TWI_ST_SLA_W_ACK:
        case TWI_ST_DATA_W_ACK:
            if(tx_idx < tx_len)
    1246:	90 91 ff 05 	lds	r25, 0x05FF	; 0x8005ff <tx_idx>
    124a:	80 91 00 06 	lds	r24, 0x0600	; 0x800600 <tx_len>
    124e:	98 17       	cp	r25, r24
    1250:	98 f4       	brcc	.+38     	; 0x1278 <__vector_24+0x9c>
            {
                TWDR = tx_buf[tx_idx++];
    1252:	e0 91 01 06 	lds	r30, 0x0601	; 0x800601 <tx_buf>
    1256:	f0 91 02 06 	lds	r31, 0x0602	; 0x800602 <tx_buf+0x1>
    125a:	80 91 ff 05 	lds	r24, 0x05FF	; 0x8005ff <tx_idx>
    125e:	91 e0       	ldi	r25, 0x01	; 1
    1260:	98 0f       	add	r25, r24
    1262:	90 93 ff 05 	sts	0x05FF, r25	; 0x8005ff <tx_idx>
    1266:	e8 0f       	add	r30, r24
    1268:	f1 1d       	adc	r31, r1
    126a:	80 81       	ld	r24, Z
    126c:	80 93 bb 00 	sts	0x00BB, r24	; 0x8000bb <__TEXT_REGION_LENGTH__+0x7f80bb>
                TWI_NEXT();
    1270:	85 e8       	ldi	r24, 0x85	; 133
    1272:	80 93 bc 00 	sts	0x00BC, r24	; 0x8000bc <__TEXT_REGION_LENGTH__+0x7f80bc>
    1276:	62 c0       	rjmp	.+196    	; 0x133c <__vector_24+0x160>
            }
            else if(rx_buf != NULL)
    1278:	80 91 fd 05 	lds	r24, 0x05FD	; 0x8005fd <rx_buf>
    127c:	90 91 fe 05 	lds	r25, 0x05FE	; 0x8005fe <rx_buf+0x1>
    1280:	89 2b       	or	r24, r25
    1282:	39 f0       	breq	.+14     	; 0x1292 <__vector_24+0xb6>
            {
                mode = TWI_READING;
    1284:	82 e0       	ldi	r24, 0x02	; 2
    1286:	80 93 05 06 	sts	0x0605, r24	; 0x800605 <mode>
                TWI_SEND_START();
    128a:	85 ea       	ldi	r24, 0xA5	; 165
    128c:	80 93 bc 00 	sts	0x00BC, r24	; 0x8000bc <__TEXT_REGION_LENGTH__+0x7f80bc>
    1290:	55 c0       	rjmp	.+170    	; 0x133c <__vector_24+0x160>
            }
            else
            {
                twi_finish_ok();
    1292:	0e 94 63 08 	call	0x10c6	; 0x10c6 <twi_finish_ok>
    1296:	52 c0       	rjmp	.+164    	; 0x133c <__vector_24+0x160>
            break;

        case TWI_ST_SLA_W_NACK:
        case TWI_ST_DATA_W_NACK:
        case TWI_ST_SLA_R_NACK:
            twi_finish_error(TWI_ERR_NACK);
    1298:	81 e0       	ldi	r24, 0x01	; 1
    129a:	0e 94 6e 08 	call	0x10dc	; 0x10dc <twi_finish_error>
            break;
    129e:	4e c0       	rjmp	.+156    	; 0x133c <__vector_24+0x160>

        case TWI_ST_ARB_LOST:
            TWCR           = (1<<TWEN);   
    12a0:	84 e0       	ldi	r24, 0x04	; 4
    12a2:	80 93 bc 00 	sts	0x00BC, r24	; 0x8000bc <__TEXT_REGION_LENGTH__+0x7f80bc>
            result         = TWI_ERR_ARB_LOST;
    12a6:	82 e0       	ldi	r24, 0x02	; 2
    12a8:	80 93 04 06 	sts	0x0604, r24	; 0x800604 <result>
            TWI_ERROR_FLAG = true;
    12ac:	81 e0       	ldi	r24, 0x01	; 1
    12ae:	80 93 08 06 	sts	0x0608, r24	; 0x800608 <TWI_ERROR_FLAG>
            mode           = TWI_IDLE;
    12b2:	10 92 05 06 	sts	0x0605, r1	; 0x800605 <mode>
            break;
    12b6:	42 c0       	rjmp	.+132    	; 0x133c <__vector_24+0x160>

        case TWI_ST_SLA_R_ACK:
            if(rx_len > 1)
    12b8:	80 91 fc 05 	lds	r24, 0x05FC	; 0x8005fc <rx_len>
    12bc:	82 30       	cpi	r24, 0x02	; 2
    12be:	20 f0       	brcs	.+8      	; 0x12c8 <__vector_24+0xec>
                TWI_SEND_ACK();
    12c0:	85 ec       	ldi	r24, 0xC5	; 197
    12c2:	80 93 bc 00 	sts	0x00BC, r24	; 0x8000bc <__TEXT_REGION_LENGTH__+0x7f80bc>
    12c6:	3a c0       	rjmp	.+116    	; 0x133c <__vector_24+0x160>
            else
                TWI_SEND_NACK();
    12c8:	85 e8       	ldi	r24, 0x85	; 133
    12ca:	80 93 bc 00 	sts	0x00BC, r24	; 0x8000bc <__TEXT_REGION_LENGTH__+0x7f80bc>
    12ce:	36 c0       	rjmp	.+108    	; 0x133c <__vector_24+0x160>
            break;

        case TWI_ST_DATA_R_ACK:
            rx_buf[rx_idx++] = TWDR;
    12d0:	e0 91 fd 05 	lds	r30, 0x05FD	; 0x8005fd <rx_buf>
    12d4:	f0 91 fe 05 	lds	r31, 0x05FE	; 0x8005fe <rx_buf+0x1>
    12d8:	80 91 fb 05 	lds	r24, 0x05FB	; 0x8005fb <rx_idx>
    12dc:	91 e0       	ldi	r25, 0x01	; 1
    12de:	98 0f       	add	r25, r24
    12e0:	90 93 fb 05 	sts	0x05FB, r25	; 0x8005fb <rx_idx>
    12e4:	e8 0f       	add	r30, r24
    12e6:	f1 1d       	adc	r31, r1
    12e8:	80 91 bb 00 	lds	r24, 0x00BB	; 0x8000bb <__TEXT_REGION_LENGTH__+0x7f80bb>
    12ec:	80 83       	st	Z, r24
            if(rx_idx < rx_len - 1)
    12ee:	20 91 fb 05 	lds	r18, 0x05FB	; 0x8005fb <rx_idx>
    12f2:	30 e0       	ldi	r19, 0x00	; 0
    12f4:	80 91 fc 05 	lds	r24, 0x05FC	; 0x8005fc <rx_len>
    12f8:	90 e0       	ldi	r25, 0x00	; 0
    12fa:	01 97       	sbiw	r24, 0x01	; 1
    12fc:	28 17       	cp	r18, r24
    12fe:	39 07       	cpc	r19, r25
    1300:	24 f4       	brge	.+8      	; 0x130a <__vector_24+0x12e>
                TWI_SEND_ACK();
    1302:	85 ec       	ldi	r24, 0xC5	; 197
    1304:	80 93 bc 00 	sts	0x00BC, r24	; 0x8000bc <__TEXT_REGION_LENGTH__+0x7f80bc>
    1308:	19 c0       	rjmp	.+50     	; 0x133c <__vector_24+0x160>
            else
                TWI_SEND_NACK();
    130a:	85 e8       	ldi	r24, 0x85	; 133
    130c:	80 93 bc 00 	sts	0x00BC, r24	; 0x8000bc <__TEXT_REGION_LENGTH__+0x7f80bc>
    1310:	15 c0       	rjmp	.+42     	; 0x133c <__vector_24+0x160>
            break;

        case TWI_ST_DATA_R_NACK:
            rx_buf[rx_idx++] = TWDR;
    1312:	e0 91 fd 05 	lds	r30, 0x05FD	; 0x8005fd <rx_buf>
    1316:	f0 91 fe 05 	lds	r31, 0x05FE	; 0x8005fe <rx_buf+0x1>
    131a:	80 91 fb 05 	lds	r24, 0x05FB	; 0x8005fb <rx_idx>
    131e:	91 e0       	ldi	r25, 0x01	; 1
    1320:	98 0f       	add	r25, r24
    1322:	90 93 fb 05 	sts	0x05FB, r25	; 0x8005fb <rx_idx>
    1326:	e8 0f       	add	r30, r24
    1328:	f1 1d       	adc	r31, r1
    132a:	80 91 bb 00 	lds	r24, 0x00BB	; 0x8000bb <__TEXT_REGION_LENGTH__+0x7f80bb>
    132e:	80 83       	st	Z, r24
            twi_finish_ok();
    1330:	0e 94 63 08 	call	0x10c6	; 0x10c6 <twi_finish_ok>
            break;
    1334:	03 c0       	rjmp	.+6      	; 0x133c <__vector_24+0x160>

        default:
            twi_finish_error(TWI_ERR_BUS);
    1336:	83 e0       	ldi	r24, 0x03	; 3
    1338:	0e 94 6e 08 	call	0x10dc	; 0x10dc <twi_finish_error>
            break;
    }
    133c:	ff 91       	pop	r31
    133e:	ef 91       	pop	r30
    1340:	bf 91       	pop	r27
    1342:	af 91       	pop	r26
    1344:	9f 91       	pop	r25
    1346:	8f 91       	pop	r24
    1348:	7f 91       	pop	r23
    134a:	6f 91       	pop	r22
    134c:	5f 91       	pop	r21
    134e:	4f 91       	pop	r20
    1350:	3f 91       	pop	r19
    1352:	2f 91       	pop	r18
    1354:	0f 90       	pop	r0
    1356:	0f be       	out	0x3f, r0	; 63
    1358:	0f 90       	pop	r0
    135a:	1f 90       	pop	r1
    135c:	18 95       	reti

0000135e <main>:
#include <avr/interrupt.h>
#include "monitor.h"

int main(void)
{
	monitor_init();
    135e:	0e 94 bc 03 	call	0x778	; 0x778 <monitor_init>
	sei();
    1362:	78 94       	sei

	while(1)
	{
		monitor_dispatch();
    1364:	0e 94 e2 03 	call	0x7c4	; 0x7c4 <monitor_dispatch>
    1368:	fd cf       	rjmp	.-6      	; 0x1364 <main+0x6>

0000136a <timer_init>:
#include <avr/io.h>
#include <avr/interrupt.h>

/*====[Implemenations of public functions]=======================*/
void timer_init(void){
	TCCR0A = (1 << WGM01);
    136a:	82 e0       	ldi	r24, 0x02	; 2
    136c:	84 bd       	out	0x24, r24	; 36
	TCCR0B = (1 << CS01) | (1<< CS00);
    136e:	93 e0       	ldi	r25, 0x03	; 3
    1370:	95 bd       	out	0x25, r25	; 37
	OCR0A = 249;
    1372:	99 ef       	ldi	r25, 0xF9	; 249
    1374:	97 bd       	out	0x27, r25	; 39
	TIMSK0 = (1 << OCIE0A);
    1376:	80 93 6e 00 	sts	0x006E, r24	; 0x80006e <__TEXT_REGION_LENGTH__+0x7f806e>
	sei();
    137a:	78 94       	sei
    137c:	08 95       	ret

0000137e <__vector_14>:
}

/*====[Implementations of private functions]=====================*/
ISR (TIMER0_COMPA_vect){
    137e:	1f 92       	push	r1
    1380:	0f 92       	push	r0
    1382:	0f b6       	in	r0, 0x3f	; 63
    1384:	0f 92       	push	r0
    1386:	11 24       	eor	r1, r1
    1388:	2f 93       	push	r18
    138a:	8f 93       	push	r24
    138c:	9f 93       	push	r25
	static uint16_t count = 0;
	if (++count >= 1000){
    138e:	80 91 06 06 	lds	r24, 0x0606	; 0x800606 <count.1612>
    1392:	90 91 07 06 	lds	r25, 0x0607	; 0x800607 <count.1612+0x1>
    1396:	01 96       	adiw	r24, 0x01	; 1
    1398:	90 93 07 06 	sts	0x0607, r25	; 0x800607 <count.1612+0x1>
    139c:	80 93 06 06 	sts	0x0606, r24	; 0x800606 <count.1612>
    13a0:	88 3e       	cpi	r24, 0xE8	; 232
    13a2:	93 40       	sbci	r25, 0x03	; 3
    13a4:	38 f0       	brcs	.+14     	; 0x13b4 <__vector_14+0x36>
		count = 0;
    13a6:	10 92 07 06 	sts	0x0607, r1	; 0x800607 <count.1612+0x1>
    13aa:	10 92 06 06 	sts	0x0606, r1	; 0x800606 <count.1612>
		FLAG_TIMER = 1;
    13ae:	81 e0       	ldi	r24, 0x01	; 1
    13b0:	80 93 09 06 	sts	0x0609, r24	; 0x800609 <FLAG_TIMER>
	}
}
    13b4:	9f 91       	pop	r25
    13b6:	8f 91       	pop	r24
    13b8:	2f 91       	pop	r18
    13ba:	0f 90       	pop	r0
    13bc:	0f be       	out	0x3f, r0	; 63
    13be:	0f 90       	pop	r0
    13c0:	1f 90       	pop	r1
    13c2:	18 95       	reti

000013c4 <__divmodhi4>:
    13c4:	97 fb       	bst	r25, 7
    13c6:	07 2e       	mov	r0, r23
    13c8:	16 f4       	brtc	.+4      	; 0x13ce <__divmodhi4+0xa>
    13ca:	00 94       	com	r0
    13cc:	07 d0       	rcall	.+14     	; 0x13dc <__divmodhi4_neg1>
    13ce:	77 fd       	sbrc	r23, 7
    13d0:	09 d0       	rcall	.+18     	; 0x13e4 <__divmodhi4_neg2>
    13d2:	0e 94 1e 0a 	call	0x143c	; 0x143c <__udivmodhi4>
    13d6:	07 fc       	sbrc	r0, 7
    13d8:	05 d0       	rcall	.+10     	; 0x13e4 <__divmodhi4_neg2>
    13da:	3e f4       	brtc	.+14     	; 0x13ea <__divmodhi4_exit>

000013dc <__divmodhi4_neg1>:
    13dc:	90 95       	com	r25
    13de:	81 95       	neg	r24
    13e0:	9f 4f       	sbci	r25, 0xFF	; 255
    13e2:	08 95       	ret

000013e4 <__divmodhi4_neg2>:
    13e4:	70 95       	com	r23
    13e6:	61 95       	neg	r22
    13e8:	7f 4f       	sbci	r23, 0xFF	; 255

000013ea <__divmodhi4_exit>:
    13ea:	08 95       	ret

000013ec <__udivmodsi4>:
    13ec:	a1 e2       	ldi	r26, 0x21	; 33
    13ee:	1a 2e       	mov	r1, r26
    13f0:	aa 1b       	sub	r26, r26
    13f2:	bb 1b       	sub	r27, r27
    13f4:	fd 01       	movw	r30, r26
    13f6:	0d c0       	rjmp	.+26     	; 0x1412 <__udivmodsi4_ep>

000013f8 <__udivmodsi4_loop>:
    13f8:	aa 1f       	adc	r26, r26
    13fa:	bb 1f       	adc	r27, r27
    13fc:	ee 1f       	adc	r30, r30
    13fe:	ff 1f       	adc	r31, r31
    1400:	a2 17       	cp	r26, r18
    1402:	b3 07       	cpc	r27, r19
    1404:	e4 07       	cpc	r30, r20
    1406:	f5 07       	cpc	r31, r21
    1408:	20 f0       	brcs	.+8      	; 0x1412 <__udivmodsi4_ep>
    140a:	a2 1b       	sub	r26, r18
    140c:	b3 0b       	sbc	r27, r19
    140e:	e4 0b       	sbc	r30, r20
    1410:	f5 0b       	sbc	r31, r21

00001412 <__udivmodsi4_ep>:
    1412:	66 1f       	adc	r22, r22
    1414:	77 1f       	adc	r23, r23
    1416:	88 1f       	adc	r24, r24
    1418:	99 1f       	adc	r25, r25
    141a:	1a 94       	dec	r1
    141c:	69 f7       	brne	.-38     	; 0x13f8 <__udivmodsi4_loop>
    141e:	60 95       	com	r22
    1420:	70 95       	com	r23
    1422:	80 95       	com	r24
    1424:	90 95       	com	r25
    1426:	9b 01       	movw	r18, r22
    1428:	ac 01       	movw	r20, r24
    142a:	bd 01       	movw	r22, r26
    142c:	cf 01       	movw	r24, r30
    142e:	08 95       	ret

00001430 <__tablejump2__>:
    1430:	ee 0f       	add	r30, r30
    1432:	ff 1f       	adc	r31, r31
    1434:	05 90       	lpm	r0, Z+
    1436:	f4 91       	lpm	r31, Z
    1438:	e0 2d       	mov	r30, r0
    143a:	09 94       	ijmp

0000143c <__udivmodhi4>:
    143c:	aa 1b       	sub	r26, r26
    143e:	bb 1b       	sub	r27, r27
    1440:	51 e1       	ldi	r21, 0x11	; 17
    1442:	07 c0       	rjmp	.+14     	; 0x1452 <__udivmodhi4_ep>

00001444 <__udivmodhi4_loop>:
    1444:	aa 1f       	adc	r26, r26
    1446:	bb 1f       	adc	r27, r27
    1448:	a6 17       	cp	r26, r22
    144a:	b7 07       	cpc	r27, r23
    144c:	10 f0       	brcs	.+4      	; 0x1452 <__udivmodhi4_ep>
    144e:	a6 1b       	sub	r26, r22
    1450:	b7 0b       	sbc	r27, r23

00001452 <__udivmodhi4_ep>:
    1452:	88 1f       	adc	r24, r24
    1454:	99 1f       	adc	r25, r25
    1456:	5a 95       	dec	r21
    1458:	a9 f7       	brne	.-22     	; 0x1444 <__udivmodhi4_loop>
    145a:	80 95       	com	r24
    145c:	90 95       	com	r25
    145e:	bc 01       	movw	r22, r24
    1460:	cd 01       	movw	r24, r26
    1462:	08 95       	ret

00001464 <strcpy>:
    1464:	fb 01       	movw	r30, r22
    1466:	dc 01       	movw	r26, r24
    1468:	01 90       	ld	r0, Z+
    146a:	0d 92       	st	X+, r0
    146c:	00 20       	and	r0, r0
    146e:	e1 f7       	brne	.-8      	; 0x1468 <strcpy+0x4>
    1470:	08 95       	ret

00001472 <strncmp>:
    1472:	fb 01       	movw	r30, r22
    1474:	dc 01       	movw	r26, r24
    1476:	41 50       	subi	r20, 0x01	; 1
    1478:	50 40       	sbci	r21, 0x00	; 0
    147a:	30 f0       	brcs	.+12     	; 0x1488 <strncmp+0x16>
    147c:	8d 91       	ld	r24, X+
    147e:	01 90       	ld	r0, Z+
    1480:	80 19       	sub	r24, r0
    1482:	19 f4       	brne	.+6      	; 0x148a <strncmp+0x18>
    1484:	00 20       	and	r0, r0
    1486:	b9 f7       	brne	.-18     	; 0x1476 <strncmp+0x4>
    1488:	88 1b       	sub	r24, r24
    148a:	99 0b       	sbc	r25, r25
    148c:	08 95       	ret

0000148e <strncpy>:
    148e:	fb 01       	movw	r30, r22
    1490:	dc 01       	movw	r26, r24
    1492:	41 50       	subi	r20, 0x01	; 1
    1494:	50 40       	sbci	r21, 0x00	; 0
    1496:	48 f0       	brcs	.+18     	; 0x14aa <strncpy+0x1c>
    1498:	01 90       	ld	r0, Z+
    149a:	0d 92       	st	X+, r0
    149c:	00 20       	and	r0, r0
    149e:	c9 f7       	brne	.-14     	; 0x1492 <strncpy+0x4>
    14a0:	01 c0       	rjmp	.+2      	; 0x14a4 <strncpy+0x16>
    14a2:	1d 92       	st	X+, r1
    14a4:	41 50       	subi	r20, 0x01	; 1
    14a6:	50 40       	sbci	r21, 0x00	; 0
    14a8:	e0 f7       	brcc	.-8      	; 0x14a2 <strncpy+0x14>
    14aa:	08 95       	ret

000014ac <snprintf>:
    14ac:	ae e0       	ldi	r26, 0x0E	; 14
    14ae:	b0 e0       	ldi	r27, 0x00	; 0
    14b0:	ec e5       	ldi	r30, 0x5C	; 92
    14b2:	fa e0       	ldi	r31, 0x0A	; 10
    14b4:	0c 94 25 0d 	jmp	0x1a4a	; 0x1a4a <__prologue_saves__+0x1c>
    14b8:	0d 89       	ldd	r16, Y+21	; 0x15
    14ba:	1e 89       	ldd	r17, Y+22	; 0x16
    14bc:	8f 89       	ldd	r24, Y+23	; 0x17
    14be:	98 8d       	ldd	r25, Y+24	; 0x18
    14c0:	26 e0       	ldi	r18, 0x06	; 6
    14c2:	2c 83       	std	Y+4, r18	; 0x04
    14c4:	1a 83       	std	Y+2, r17	; 0x02
    14c6:	09 83       	std	Y+1, r16	; 0x01
    14c8:	97 ff       	sbrs	r25, 7
    14ca:	02 c0       	rjmp	.+4      	; 0x14d0 <snprintf+0x24>
    14cc:	80 e0       	ldi	r24, 0x00	; 0
    14ce:	90 e8       	ldi	r25, 0x80	; 128
    14d0:	01 97       	sbiw	r24, 0x01	; 1
    14d2:	9e 83       	std	Y+6, r25	; 0x06
    14d4:	8d 83       	std	Y+5, r24	; 0x05
    14d6:	ae 01       	movw	r20, r28
    14d8:	45 5e       	subi	r20, 0xE5	; 229
    14da:	5f 4f       	sbci	r21, 0xFF	; 255
    14dc:	69 8d       	ldd	r22, Y+25	; 0x19
    14de:	7a 8d       	ldd	r23, Y+26	; 0x1a
    14e0:	ce 01       	movw	r24, r28
    14e2:	01 96       	adiw	r24, 0x01	; 1
    14e4:	0e 94 86 0a 	call	0x150c	; 0x150c <vfprintf>
    14e8:	4d 81       	ldd	r20, Y+5	; 0x05
    14ea:	5e 81       	ldd	r21, Y+6	; 0x06
    14ec:	57 fd       	sbrc	r21, 7
    14ee:	0a c0       	rjmp	.+20     	; 0x1504 <snprintf+0x58>
    14f0:	2f 81       	ldd	r18, Y+7	; 0x07
    14f2:	38 85       	ldd	r19, Y+8	; 0x08
    14f4:	42 17       	cp	r20, r18
    14f6:	53 07       	cpc	r21, r19
    14f8:	0c f4       	brge	.+2      	; 0x14fc <snprintf+0x50>
    14fa:	9a 01       	movw	r18, r20
    14fc:	f8 01       	movw	r30, r16
    14fe:	e2 0f       	add	r30, r18
    1500:	f3 1f       	adc	r31, r19
    1502:	10 82       	st	Z, r1
    1504:	2e 96       	adiw	r28, 0x0e	; 14
    1506:	e4 e0       	ldi	r30, 0x04	; 4
    1508:	0c 94 41 0d 	jmp	0x1a82	; 0x1a82 <__epilogue_restores__+0x1c>

0000150c <vfprintf>:
    150c:	ab e0       	ldi	r26, 0x0B	; 11
    150e:	b0 e0       	ldi	r27, 0x00	; 0
    1510:	ec e8       	ldi	r30, 0x8C	; 140
    1512:	fa e0       	ldi	r31, 0x0A	; 10
    1514:	0c 94 17 0d 	jmp	0x1a2e	; 0x1a2e <__prologue_saves__>
    1518:	6c 01       	movw	r12, r24
    151a:	7b 01       	movw	r14, r22
    151c:	8a 01       	movw	r16, r20
    151e:	fc 01       	movw	r30, r24
    1520:	17 82       	std	Z+7, r1	; 0x07
    1522:	16 82       	std	Z+6, r1	; 0x06
    1524:	83 81       	ldd	r24, Z+3	; 0x03
    1526:	81 ff       	sbrs	r24, 1
    1528:	cc c1       	rjmp	.+920    	; 0x18c2 <vfprintf+0x3b6>
    152a:	ce 01       	movw	r24, r28
    152c:	01 96       	adiw	r24, 0x01	; 1
    152e:	3c 01       	movw	r6, r24
    1530:	f6 01       	movw	r30, r12
    1532:	93 81       	ldd	r25, Z+3	; 0x03
    1534:	f7 01       	movw	r30, r14
    1536:	93 fd       	sbrc	r25, 3
    1538:	85 91       	lpm	r24, Z+
    153a:	93 ff       	sbrs	r25, 3
    153c:	81 91       	ld	r24, Z+
    153e:	7f 01       	movw	r14, r30
    1540:	88 23       	and	r24, r24
    1542:	09 f4       	brne	.+2      	; 0x1546 <vfprintf+0x3a>
    1544:	ba c1       	rjmp	.+884    	; 0x18ba <vfprintf+0x3ae>
    1546:	85 32       	cpi	r24, 0x25	; 37
    1548:	39 f4       	brne	.+14     	; 0x1558 <vfprintf+0x4c>
    154a:	93 fd       	sbrc	r25, 3
    154c:	85 91       	lpm	r24, Z+
    154e:	93 ff       	sbrs	r25, 3
    1550:	81 91       	ld	r24, Z+
    1552:	7f 01       	movw	r14, r30
    1554:	85 32       	cpi	r24, 0x25	; 37
    1556:	29 f4       	brne	.+10     	; 0x1562 <vfprintf+0x56>
    1558:	b6 01       	movw	r22, r12
    155a:	90 e0       	ldi	r25, 0x00	; 0
    155c:	0e 94 7d 0c 	call	0x18fa	; 0x18fa <fputc>
    1560:	e7 cf       	rjmp	.-50     	; 0x1530 <vfprintf+0x24>
    1562:	91 2c       	mov	r9, r1
    1564:	21 2c       	mov	r2, r1
    1566:	31 2c       	mov	r3, r1
    1568:	ff e1       	ldi	r31, 0x1F	; 31
    156a:	f3 15       	cp	r31, r3
    156c:	d8 f0       	brcs	.+54     	; 0x15a4 <vfprintf+0x98>
    156e:	8b 32       	cpi	r24, 0x2B	; 43
    1570:	79 f0       	breq	.+30     	; 0x1590 <vfprintf+0x84>
    1572:	38 f4       	brcc	.+14     	; 0x1582 <vfprintf+0x76>
    1574:	80 32       	cpi	r24, 0x20	; 32
    1576:	79 f0       	breq	.+30     	; 0x1596 <vfprintf+0x8a>
    1578:	83 32       	cpi	r24, 0x23	; 35
    157a:	a1 f4       	brne	.+40     	; 0x15a4 <vfprintf+0x98>
    157c:	23 2d       	mov	r18, r3
    157e:	20 61       	ori	r18, 0x10	; 16
    1580:	1d c0       	rjmp	.+58     	; 0x15bc <vfprintf+0xb0>
    1582:	8d 32       	cpi	r24, 0x2D	; 45
    1584:	61 f0       	breq	.+24     	; 0x159e <vfprintf+0x92>
    1586:	80 33       	cpi	r24, 0x30	; 48
    1588:	69 f4       	brne	.+26     	; 0x15a4 <vfprintf+0x98>
    158a:	23 2d       	mov	r18, r3
    158c:	21 60       	ori	r18, 0x01	; 1
    158e:	16 c0       	rjmp	.+44     	; 0x15bc <vfprintf+0xb0>
    1590:	83 2d       	mov	r24, r3
    1592:	82 60       	ori	r24, 0x02	; 2
    1594:	38 2e       	mov	r3, r24
    1596:	e3 2d       	mov	r30, r3
    1598:	e4 60       	ori	r30, 0x04	; 4
    159a:	3e 2e       	mov	r3, r30
    159c:	2a c0       	rjmp	.+84     	; 0x15f2 <vfprintf+0xe6>
    159e:	f3 2d       	mov	r31, r3
    15a0:	f8 60       	ori	r31, 0x08	; 8
    15a2:	1d c0       	rjmp	.+58     	; 0x15de <vfprintf+0xd2>
    15a4:	37 fc       	sbrc	r3, 7
    15a6:	2d c0       	rjmp	.+90     	; 0x1602 <vfprintf+0xf6>
    15a8:	20 ed       	ldi	r18, 0xD0	; 208
    15aa:	28 0f       	add	r18, r24
    15ac:	2a 30       	cpi	r18, 0x0A	; 10
    15ae:	40 f0       	brcs	.+16     	; 0x15c0 <vfprintf+0xb4>
    15b0:	8e 32       	cpi	r24, 0x2E	; 46
    15b2:	b9 f4       	brne	.+46     	; 0x15e2 <vfprintf+0xd6>
    15b4:	36 fc       	sbrc	r3, 6
    15b6:	81 c1       	rjmp	.+770    	; 0x18ba <vfprintf+0x3ae>
    15b8:	23 2d       	mov	r18, r3
    15ba:	20 64       	ori	r18, 0x40	; 64
    15bc:	32 2e       	mov	r3, r18
    15be:	19 c0       	rjmp	.+50     	; 0x15f2 <vfprintf+0xe6>
    15c0:	36 fe       	sbrs	r3, 6
    15c2:	06 c0       	rjmp	.+12     	; 0x15d0 <vfprintf+0xc4>
    15c4:	8a e0       	ldi	r24, 0x0A	; 10
    15c6:	98 9e       	mul	r9, r24
    15c8:	20 0d       	add	r18, r0
    15ca:	11 24       	eor	r1, r1
    15cc:	92 2e       	mov	r9, r18
    15ce:	11 c0       	rjmp	.+34     	; 0x15f2 <vfprintf+0xe6>
    15d0:	ea e0       	ldi	r30, 0x0A	; 10
    15d2:	2e 9e       	mul	r2, r30
    15d4:	20 0d       	add	r18, r0
    15d6:	11 24       	eor	r1, r1
    15d8:	22 2e       	mov	r2, r18
    15da:	f3 2d       	mov	r31, r3
    15dc:	f0 62       	ori	r31, 0x20	; 32
    15de:	3f 2e       	mov	r3, r31
    15e0:	08 c0       	rjmp	.+16     	; 0x15f2 <vfprintf+0xe6>
    15e2:	8c 36       	cpi	r24, 0x6C	; 108
    15e4:	21 f4       	brne	.+8      	; 0x15ee <vfprintf+0xe2>
    15e6:	83 2d       	mov	r24, r3
    15e8:	80 68       	ori	r24, 0x80	; 128
    15ea:	38 2e       	mov	r3, r24
    15ec:	02 c0       	rjmp	.+4      	; 0x15f2 <vfprintf+0xe6>
    15ee:	88 36       	cpi	r24, 0x68	; 104
    15f0:	41 f4       	brne	.+16     	; 0x1602 <vfprintf+0xf6>
    15f2:	f7 01       	movw	r30, r14
    15f4:	93 fd       	sbrc	r25, 3
    15f6:	85 91       	lpm	r24, Z+
    15f8:	93 ff       	sbrs	r25, 3
    15fa:	81 91       	ld	r24, Z+
    15fc:	7f 01       	movw	r14, r30
    15fe:	81 11       	cpse	r24, r1
    1600:	b3 cf       	rjmp	.-154    	; 0x1568 <vfprintf+0x5c>
    1602:	98 2f       	mov	r25, r24
    1604:	9f 7d       	andi	r25, 0xDF	; 223
    1606:	95 54       	subi	r25, 0x45	; 69
    1608:	93 30       	cpi	r25, 0x03	; 3
    160a:	28 f4       	brcc	.+10     	; 0x1616 <vfprintf+0x10a>
    160c:	0c 5f       	subi	r16, 0xFC	; 252
    160e:	1f 4f       	sbci	r17, 0xFF	; 255
    1610:	9f e3       	ldi	r25, 0x3F	; 63
    1612:	99 83       	std	Y+1, r25	; 0x01
    1614:	0d c0       	rjmp	.+26     	; 0x1630 <vfprintf+0x124>
    1616:	83 36       	cpi	r24, 0x63	; 99
    1618:	31 f0       	breq	.+12     	; 0x1626 <vfprintf+0x11a>
    161a:	83 37       	cpi	r24, 0x73	; 115
    161c:	71 f0       	breq	.+28     	; 0x163a <vfprintf+0x12e>
    161e:	83 35       	cpi	r24, 0x53	; 83
    1620:	09 f0       	breq	.+2      	; 0x1624 <vfprintf+0x118>
    1622:	59 c0       	rjmp	.+178    	; 0x16d6 <vfprintf+0x1ca>
    1624:	21 c0       	rjmp	.+66     	; 0x1668 <vfprintf+0x15c>
    1626:	f8 01       	movw	r30, r16
    1628:	80 81       	ld	r24, Z
    162a:	89 83       	std	Y+1, r24	; 0x01
    162c:	0e 5f       	subi	r16, 0xFE	; 254
    162e:	1f 4f       	sbci	r17, 0xFF	; 255
    1630:	88 24       	eor	r8, r8
    1632:	83 94       	inc	r8
    1634:	91 2c       	mov	r9, r1
    1636:	53 01       	movw	r10, r6
    1638:	13 c0       	rjmp	.+38     	; 0x1660 <vfprintf+0x154>
    163a:	28 01       	movw	r4, r16
    163c:	f2 e0       	ldi	r31, 0x02	; 2
    163e:	4f 0e       	add	r4, r31
    1640:	51 1c       	adc	r5, r1
    1642:	f8 01       	movw	r30, r16
    1644:	a0 80       	ld	r10, Z
    1646:	b1 80       	ldd	r11, Z+1	; 0x01
    1648:	36 fe       	sbrs	r3, 6
    164a:	03 c0       	rjmp	.+6      	; 0x1652 <vfprintf+0x146>
    164c:	69 2d       	mov	r22, r9
    164e:	70 e0       	ldi	r23, 0x00	; 0
    1650:	02 c0       	rjmp	.+4      	; 0x1656 <vfprintf+0x14a>
    1652:	6f ef       	ldi	r22, 0xFF	; 255
    1654:	7f ef       	ldi	r23, 0xFF	; 255
    1656:	c5 01       	movw	r24, r10
    1658:	0e 94 72 0c 	call	0x18e4	; 0x18e4 <strnlen>
    165c:	4c 01       	movw	r8, r24
    165e:	82 01       	movw	r16, r4
    1660:	f3 2d       	mov	r31, r3
    1662:	ff 77       	andi	r31, 0x7F	; 127
    1664:	3f 2e       	mov	r3, r31
    1666:	16 c0       	rjmp	.+44     	; 0x1694 <vfprintf+0x188>
    1668:	28 01       	movw	r4, r16
    166a:	22 e0       	ldi	r18, 0x02	; 2
    166c:	42 0e       	add	r4, r18
    166e:	51 1c       	adc	r5, r1
    1670:	f8 01       	movw	r30, r16
    1672:	a0 80       	ld	r10, Z
    1674:	b1 80       	ldd	r11, Z+1	; 0x01
    1676:	36 fe       	sbrs	r3, 6
    1678:	03 c0       	rjmp	.+6      	; 0x1680 <vfprintf+0x174>
    167a:	69 2d       	mov	r22, r9
    167c:	70 e0       	ldi	r23, 0x00	; 0
    167e:	02 c0       	rjmp	.+4      	; 0x1684 <vfprintf+0x178>
    1680:	6f ef       	ldi	r22, 0xFF	; 255
    1682:	7f ef       	ldi	r23, 0xFF	; 255
    1684:	c5 01       	movw	r24, r10
    1686:	0e 94 67 0c 	call	0x18ce	; 0x18ce <strnlen_P>
    168a:	4c 01       	movw	r8, r24
    168c:	f3 2d       	mov	r31, r3
    168e:	f0 68       	ori	r31, 0x80	; 128
    1690:	3f 2e       	mov	r3, r31
    1692:	82 01       	movw	r16, r4
    1694:	33 fc       	sbrc	r3, 3
    1696:	1b c0       	rjmp	.+54     	; 0x16ce <vfprintf+0x1c2>
    1698:	82 2d       	mov	r24, r2
    169a:	90 e0       	ldi	r25, 0x00	; 0
    169c:	88 16       	cp	r8, r24
    169e:	99 06       	cpc	r9, r25
    16a0:	b0 f4       	brcc	.+44     	; 0x16ce <vfprintf+0x1c2>
    16a2:	b6 01       	movw	r22, r12
    16a4:	80 e2       	ldi	r24, 0x20	; 32
    16a6:	90 e0       	ldi	r25, 0x00	; 0
    16a8:	0e 94 7d 0c 	call	0x18fa	; 0x18fa <fputc>
    16ac:	2a 94       	dec	r2
    16ae:	f4 cf       	rjmp	.-24     	; 0x1698 <vfprintf+0x18c>
    16b0:	f5 01       	movw	r30, r10
    16b2:	37 fc       	sbrc	r3, 7
    16b4:	85 91       	lpm	r24, Z+
    16b6:	37 fe       	sbrs	r3, 7
    16b8:	81 91       	ld	r24, Z+
    16ba:	5f 01       	movw	r10, r30
    16bc:	b6 01       	movw	r22, r12
    16be:	90 e0       	ldi	r25, 0x00	; 0
    16c0:	0e 94 7d 0c 	call	0x18fa	; 0x18fa <fputc>
    16c4:	21 10       	cpse	r2, r1
    16c6:	2a 94       	dec	r2
    16c8:	21 e0       	ldi	r18, 0x01	; 1
    16ca:	82 1a       	sub	r8, r18
    16cc:	91 08       	sbc	r9, r1
    16ce:	81 14       	cp	r8, r1
    16d0:	91 04       	cpc	r9, r1
    16d2:	71 f7       	brne	.-36     	; 0x16b0 <vfprintf+0x1a4>
    16d4:	e8 c0       	rjmp	.+464    	; 0x18a6 <vfprintf+0x39a>
    16d6:	84 36       	cpi	r24, 0x64	; 100
    16d8:	11 f0       	breq	.+4      	; 0x16de <vfprintf+0x1d2>
    16da:	89 36       	cpi	r24, 0x69	; 105
    16dc:	41 f5       	brne	.+80     	; 0x172e <vfprintf+0x222>
    16de:	f8 01       	movw	r30, r16
    16e0:	37 fe       	sbrs	r3, 7
    16e2:	07 c0       	rjmp	.+14     	; 0x16f2 <vfprintf+0x1e6>
    16e4:	60 81       	ld	r22, Z
    16e6:	71 81       	ldd	r23, Z+1	; 0x01
    16e8:	82 81       	ldd	r24, Z+2	; 0x02
    16ea:	93 81       	ldd	r25, Z+3	; 0x03
    16ec:	0c 5f       	subi	r16, 0xFC	; 252
    16ee:	1f 4f       	sbci	r17, 0xFF	; 255
    16f0:	08 c0       	rjmp	.+16     	; 0x1702 <vfprintf+0x1f6>
    16f2:	60 81       	ld	r22, Z
    16f4:	71 81       	ldd	r23, Z+1	; 0x01
    16f6:	07 2e       	mov	r0, r23
    16f8:	00 0c       	add	r0, r0
    16fa:	88 0b       	sbc	r24, r24
    16fc:	99 0b       	sbc	r25, r25
    16fe:	0e 5f       	subi	r16, 0xFE	; 254
    1700:	1f 4f       	sbci	r17, 0xFF	; 255
    1702:	f3 2d       	mov	r31, r3
    1704:	ff 76       	andi	r31, 0x6F	; 111
    1706:	3f 2e       	mov	r3, r31
    1708:	97 ff       	sbrs	r25, 7
    170a:	09 c0       	rjmp	.+18     	; 0x171e <vfprintf+0x212>
    170c:	90 95       	com	r25
    170e:	80 95       	com	r24
    1710:	70 95       	com	r23
    1712:	61 95       	neg	r22
    1714:	7f 4f       	sbci	r23, 0xFF	; 255
    1716:	8f 4f       	sbci	r24, 0xFF	; 255
    1718:	9f 4f       	sbci	r25, 0xFF	; 255
    171a:	f0 68       	ori	r31, 0x80	; 128
    171c:	3f 2e       	mov	r3, r31
    171e:	2a e0       	ldi	r18, 0x0A	; 10
    1720:	30 e0       	ldi	r19, 0x00	; 0
    1722:	a3 01       	movw	r20, r6
    1724:	0e 94 b9 0c 	call	0x1972	; 0x1972 <__ultoa_invert>
    1728:	88 2e       	mov	r8, r24
    172a:	86 18       	sub	r8, r6
    172c:	45 c0       	rjmp	.+138    	; 0x17b8 <vfprintf+0x2ac>
    172e:	85 37       	cpi	r24, 0x75	; 117
    1730:	31 f4       	brne	.+12     	; 0x173e <vfprintf+0x232>
    1732:	23 2d       	mov	r18, r3
    1734:	2f 7e       	andi	r18, 0xEF	; 239
    1736:	b2 2e       	mov	r11, r18
    1738:	2a e0       	ldi	r18, 0x0A	; 10
    173a:	30 e0       	ldi	r19, 0x00	; 0
    173c:	25 c0       	rjmp	.+74     	; 0x1788 <vfprintf+0x27c>
    173e:	93 2d       	mov	r25, r3
    1740:	99 7f       	andi	r25, 0xF9	; 249
    1742:	b9 2e       	mov	r11, r25
    1744:	8f 36       	cpi	r24, 0x6F	; 111
    1746:	c1 f0       	breq	.+48     	; 0x1778 <vfprintf+0x26c>
    1748:	18 f4       	brcc	.+6      	; 0x1750 <vfprintf+0x244>
    174a:	88 35       	cpi	r24, 0x58	; 88
    174c:	79 f0       	breq	.+30     	; 0x176c <vfprintf+0x260>
    174e:	b5 c0       	rjmp	.+362    	; 0x18ba <vfprintf+0x3ae>
    1750:	80 37       	cpi	r24, 0x70	; 112
    1752:	19 f0       	breq	.+6      	; 0x175a <vfprintf+0x24e>
    1754:	88 37       	cpi	r24, 0x78	; 120
    1756:	21 f0       	breq	.+8      	; 0x1760 <vfprintf+0x254>
    1758:	b0 c0       	rjmp	.+352    	; 0x18ba <vfprintf+0x3ae>
    175a:	e9 2f       	mov	r30, r25
    175c:	e0 61       	ori	r30, 0x10	; 16
    175e:	be 2e       	mov	r11, r30
    1760:	b4 fe       	sbrs	r11, 4
    1762:	0d c0       	rjmp	.+26     	; 0x177e <vfprintf+0x272>
    1764:	fb 2d       	mov	r31, r11
    1766:	f4 60       	ori	r31, 0x04	; 4
    1768:	bf 2e       	mov	r11, r31
    176a:	09 c0       	rjmp	.+18     	; 0x177e <vfprintf+0x272>
    176c:	34 fe       	sbrs	r3, 4
    176e:	0a c0       	rjmp	.+20     	; 0x1784 <vfprintf+0x278>
    1770:	29 2f       	mov	r18, r25
    1772:	26 60       	ori	r18, 0x06	; 6
    1774:	b2 2e       	mov	r11, r18
    1776:	06 c0       	rjmp	.+12     	; 0x1784 <vfprintf+0x278>
    1778:	28 e0       	ldi	r18, 0x08	; 8
    177a:	30 e0       	ldi	r19, 0x00	; 0
    177c:	05 c0       	rjmp	.+10     	; 0x1788 <vfprintf+0x27c>
    177e:	20 e1       	ldi	r18, 0x10	; 16
    1780:	30 e0       	ldi	r19, 0x00	; 0
    1782:	02 c0       	rjmp	.+4      	; 0x1788 <vfprintf+0x27c>
    1784:	20 e1       	ldi	r18, 0x10	; 16
    1786:	32 e0       	ldi	r19, 0x02	; 2
    1788:	f8 01       	movw	r30, r16
    178a:	b7 fe       	sbrs	r11, 7
    178c:	07 c0       	rjmp	.+14     	; 0x179c <vfprintf+0x290>
    178e:	60 81       	ld	r22, Z
    1790:	71 81       	ldd	r23, Z+1	; 0x01
    1792:	82 81       	ldd	r24, Z+2	; 0x02
    1794:	93 81       	ldd	r25, Z+3	; 0x03
    1796:	0c 5f       	subi	r16, 0xFC	; 252
    1798:	1f 4f       	sbci	r17, 0xFF	; 255
    179a:	06 c0       	rjmp	.+12     	; 0x17a8 <vfprintf+0x29c>
    179c:	60 81       	ld	r22, Z
    179e:	71 81       	ldd	r23, Z+1	; 0x01
    17a0:	80 e0       	ldi	r24, 0x00	; 0
    17a2:	90 e0       	ldi	r25, 0x00	; 0
    17a4:	0e 5f       	subi	r16, 0xFE	; 254
    17a6:	1f 4f       	sbci	r17, 0xFF	; 255
    17a8:	a3 01       	movw	r20, r6
    17aa:	0e 94 b9 0c 	call	0x1972	; 0x1972 <__ultoa_invert>
    17ae:	88 2e       	mov	r8, r24
    17b0:	86 18       	sub	r8, r6
    17b2:	fb 2d       	mov	r31, r11
    17b4:	ff 77       	andi	r31, 0x7F	; 127
    17b6:	3f 2e       	mov	r3, r31
    17b8:	36 fe       	sbrs	r3, 6
    17ba:	0d c0       	rjmp	.+26     	; 0x17d6 <vfprintf+0x2ca>
    17bc:	23 2d       	mov	r18, r3
    17be:	2e 7f       	andi	r18, 0xFE	; 254
    17c0:	a2 2e       	mov	r10, r18
    17c2:	89 14       	cp	r8, r9
    17c4:	58 f4       	brcc	.+22     	; 0x17dc <vfprintf+0x2d0>
    17c6:	34 fe       	sbrs	r3, 4
    17c8:	0b c0       	rjmp	.+22     	; 0x17e0 <vfprintf+0x2d4>
    17ca:	32 fc       	sbrc	r3, 2
    17cc:	09 c0       	rjmp	.+18     	; 0x17e0 <vfprintf+0x2d4>
    17ce:	83 2d       	mov	r24, r3
    17d0:	8e 7e       	andi	r24, 0xEE	; 238
    17d2:	a8 2e       	mov	r10, r24
    17d4:	05 c0       	rjmp	.+10     	; 0x17e0 <vfprintf+0x2d4>
    17d6:	b8 2c       	mov	r11, r8
    17d8:	a3 2c       	mov	r10, r3
    17da:	03 c0       	rjmp	.+6      	; 0x17e2 <vfprintf+0x2d6>
    17dc:	b8 2c       	mov	r11, r8
    17de:	01 c0       	rjmp	.+2      	; 0x17e2 <vfprintf+0x2d6>
    17e0:	b9 2c       	mov	r11, r9
    17e2:	a4 fe       	sbrs	r10, 4
    17e4:	0f c0       	rjmp	.+30     	; 0x1804 <vfprintf+0x2f8>
    17e6:	fe 01       	movw	r30, r28
    17e8:	e8 0d       	add	r30, r8
    17ea:	f1 1d       	adc	r31, r1
    17ec:	80 81       	ld	r24, Z
    17ee:	80 33       	cpi	r24, 0x30	; 48
    17f0:	21 f4       	brne	.+8      	; 0x17fa <vfprintf+0x2ee>
    17f2:	9a 2d       	mov	r25, r10
    17f4:	99 7e       	andi	r25, 0xE9	; 233
    17f6:	a9 2e       	mov	r10, r25
    17f8:	09 c0       	rjmp	.+18     	; 0x180c <vfprintf+0x300>
    17fa:	a2 fe       	sbrs	r10, 2
    17fc:	06 c0       	rjmp	.+12     	; 0x180a <vfprintf+0x2fe>
    17fe:	b3 94       	inc	r11
    1800:	b3 94       	inc	r11
    1802:	04 c0       	rjmp	.+8      	; 0x180c <vfprintf+0x300>
    1804:	8a 2d       	mov	r24, r10
    1806:	86 78       	andi	r24, 0x86	; 134
    1808:	09 f0       	breq	.+2      	; 0x180c <vfprintf+0x300>
    180a:	b3 94       	inc	r11
    180c:	a3 fc       	sbrc	r10, 3
    180e:	11 c0       	rjmp	.+34     	; 0x1832 <vfprintf+0x326>
    1810:	a0 fe       	sbrs	r10, 0
    1812:	06 c0       	rjmp	.+12     	; 0x1820 <vfprintf+0x314>
    1814:	b2 14       	cp	r11, r2
    1816:	88 f4       	brcc	.+34     	; 0x183a <vfprintf+0x32e>
    1818:	28 0c       	add	r2, r8
    181a:	92 2c       	mov	r9, r2
    181c:	9b 18       	sub	r9, r11
    181e:	0e c0       	rjmp	.+28     	; 0x183c <vfprintf+0x330>
    1820:	b2 14       	cp	r11, r2
    1822:	60 f4       	brcc	.+24     	; 0x183c <vfprintf+0x330>
    1824:	b6 01       	movw	r22, r12
    1826:	80 e2       	ldi	r24, 0x20	; 32
    1828:	90 e0       	ldi	r25, 0x00	; 0
    182a:	0e 94 7d 0c 	call	0x18fa	; 0x18fa <fputc>
    182e:	b3 94       	inc	r11
    1830:	f7 cf       	rjmp	.-18     	; 0x1820 <vfprintf+0x314>
    1832:	b2 14       	cp	r11, r2
    1834:	18 f4       	brcc	.+6      	; 0x183c <vfprintf+0x330>
    1836:	2b 18       	sub	r2, r11
    1838:	02 c0       	rjmp	.+4      	; 0x183e <vfprintf+0x332>
    183a:	98 2c       	mov	r9, r8
    183c:	21 2c       	mov	r2, r1
    183e:	a4 fe       	sbrs	r10, 4
    1840:	10 c0       	rjmp	.+32     	; 0x1862 <vfprintf+0x356>
    1842:	b6 01       	movw	r22, r12
    1844:	80 e3       	ldi	r24, 0x30	; 48
    1846:	90 e0       	ldi	r25, 0x00	; 0
    1848:	0e 94 7d 0c 	call	0x18fa	; 0x18fa <fputc>
    184c:	a2 fe       	sbrs	r10, 2
    184e:	17 c0       	rjmp	.+46     	; 0x187e <vfprintf+0x372>
    1850:	a1 fc       	sbrc	r10, 1
    1852:	03 c0       	rjmp	.+6      	; 0x185a <vfprintf+0x34e>
    1854:	88 e7       	ldi	r24, 0x78	; 120
    1856:	90 e0       	ldi	r25, 0x00	; 0
    1858:	02 c0       	rjmp	.+4      	; 0x185e <vfprintf+0x352>
    185a:	88 e5       	ldi	r24, 0x58	; 88
    185c:	90 e0       	ldi	r25, 0x00	; 0
    185e:	b6 01       	movw	r22, r12
    1860:	0c c0       	rjmp	.+24     	; 0x187a <vfprintf+0x36e>
    1862:	8a 2d       	mov	r24, r10
    1864:	86 78       	andi	r24, 0x86	; 134
    1866:	59 f0       	breq	.+22     	; 0x187e <vfprintf+0x372>
    1868:	a1 fe       	sbrs	r10, 1
    186a:	02 c0       	rjmp	.+4      	; 0x1870 <vfprintf+0x364>
    186c:	8b e2       	ldi	r24, 0x2B	; 43
    186e:	01 c0       	rjmp	.+2      	; 0x1872 <vfprintf+0x366>
    1870:	80 e2       	ldi	r24, 0x20	; 32
    1872:	a7 fc       	sbrc	r10, 7
    1874:	8d e2       	ldi	r24, 0x2D	; 45
    1876:	b6 01       	movw	r22, r12
    1878:	90 e0       	ldi	r25, 0x00	; 0
    187a:	0e 94 7d 0c 	call	0x18fa	; 0x18fa <fputc>
    187e:	89 14       	cp	r8, r9
    1880:	38 f4       	brcc	.+14     	; 0x1890 <vfprintf+0x384>
    1882:	b6 01       	movw	r22, r12
    1884:	80 e3       	ldi	r24, 0x30	; 48
    1886:	90 e0       	ldi	r25, 0x00	; 0
    1888:	0e 94 7d 0c 	call	0x18fa	; 0x18fa <fputc>
    188c:	9a 94       	dec	r9
    188e:	f7 cf       	rjmp	.-18     	; 0x187e <vfprintf+0x372>
    1890:	8a 94       	dec	r8
    1892:	f3 01       	movw	r30, r6
    1894:	e8 0d       	add	r30, r8
    1896:	f1 1d       	adc	r31, r1
    1898:	80 81       	ld	r24, Z
    189a:	b6 01       	movw	r22, r12
    189c:	90 e0       	ldi	r25, 0x00	; 0
    189e:	0e 94 7d 0c 	call	0x18fa	; 0x18fa <fputc>
    18a2:	81 10       	cpse	r8, r1
    18a4:	f5 cf       	rjmp	.-22     	; 0x1890 <vfprintf+0x384>
    18a6:	22 20       	and	r2, r2
    18a8:	09 f4       	brne	.+2      	; 0x18ac <vfprintf+0x3a0>
    18aa:	42 ce       	rjmp	.-892    	; 0x1530 <vfprintf+0x24>
    18ac:	b6 01       	movw	r22, r12
    18ae:	80 e2       	ldi	r24, 0x20	; 32
    18b0:	90 e0       	ldi	r25, 0x00	; 0
    18b2:	0e 94 7d 0c 	call	0x18fa	; 0x18fa <fputc>
    18b6:	2a 94       	dec	r2
    18b8:	f6 cf       	rjmp	.-20     	; 0x18a6 <vfprintf+0x39a>
    18ba:	f6 01       	movw	r30, r12
    18bc:	86 81       	ldd	r24, Z+6	; 0x06
    18be:	97 81       	ldd	r25, Z+7	; 0x07
    18c0:	02 c0       	rjmp	.+4      	; 0x18c6 <vfprintf+0x3ba>
    18c2:	8f ef       	ldi	r24, 0xFF	; 255
    18c4:	9f ef       	ldi	r25, 0xFF	; 255
    18c6:	2b 96       	adiw	r28, 0x0b	; 11
    18c8:	e2 e1       	ldi	r30, 0x12	; 18
    18ca:	0c 94 33 0d 	jmp	0x1a66	; 0x1a66 <__epilogue_restores__>

000018ce <strnlen_P>:
    18ce:	fc 01       	movw	r30, r24
    18d0:	05 90       	lpm	r0, Z+
    18d2:	61 50       	subi	r22, 0x01	; 1
    18d4:	70 40       	sbci	r23, 0x00	; 0
    18d6:	01 10       	cpse	r0, r1
    18d8:	d8 f7       	brcc	.-10     	; 0x18d0 <strnlen_P+0x2>
    18da:	80 95       	com	r24
    18dc:	90 95       	com	r25
    18de:	8e 0f       	add	r24, r30
    18e0:	9f 1f       	adc	r25, r31
    18e2:	08 95       	ret

000018e4 <strnlen>:
    18e4:	fc 01       	movw	r30, r24
    18e6:	61 50       	subi	r22, 0x01	; 1
    18e8:	70 40       	sbci	r23, 0x00	; 0
    18ea:	01 90       	ld	r0, Z+
    18ec:	01 10       	cpse	r0, r1
    18ee:	d8 f7       	brcc	.-10     	; 0x18e6 <strnlen+0x2>
    18f0:	80 95       	com	r24
    18f2:	90 95       	com	r25
    18f4:	8e 0f       	add	r24, r30
    18f6:	9f 1f       	adc	r25, r31
    18f8:	08 95       	ret

000018fa <fputc>:
    18fa:	0f 93       	push	r16
    18fc:	1f 93       	push	r17
    18fe:	cf 93       	push	r28
    1900:	df 93       	push	r29
    1902:	fb 01       	movw	r30, r22
    1904:	23 81       	ldd	r18, Z+3	; 0x03
    1906:	21 fd       	sbrc	r18, 1
    1908:	03 c0       	rjmp	.+6      	; 0x1910 <fputc+0x16>
    190a:	8f ef       	ldi	r24, 0xFF	; 255
    190c:	9f ef       	ldi	r25, 0xFF	; 255
    190e:	2c c0       	rjmp	.+88     	; 0x1968 <fputc+0x6e>
    1910:	22 ff       	sbrs	r18, 2
    1912:	16 c0       	rjmp	.+44     	; 0x1940 <fputc+0x46>
    1914:	46 81       	ldd	r20, Z+6	; 0x06
    1916:	57 81       	ldd	r21, Z+7	; 0x07
    1918:	24 81       	ldd	r18, Z+4	; 0x04
    191a:	35 81       	ldd	r19, Z+5	; 0x05
    191c:	42 17       	cp	r20, r18
    191e:	53 07       	cpc	r21, r19
    1920:	44 f4       	brge	.+16     	; 0x1932 <fputc+0x38>
    1922:	a0 81       	ld	r26, Z
    1924:	b1 81       	ldd	r27, Z+1	; 0x01
    1926:	9d 01       	movw	r18, r26
    1928:	2f 5f       	subi	r18, 0xFF	; 255
    192a:	3f 4f       	sbci	r19, 0xFF	; 255
    192c:	31 83       	std	Z+1, r19	; 0x01
    192e:	20 83       	st	Z, r18
    1930:	8c 93       	st	X, r24
    1932:	26 81       	ldd	r18, Z+6	; 0x06
    1934:	37 81       	ldd	r19, Z+7	; 0x07
    1936:	2f 5f       	subi	r18, 0xFF	; 255
    1938:	3f 4f       	sbci	r19, 0xFF	; 255
    193a:	37 83       	std	Z+7, r19	; 0x07
    193c:	26 83       	std	Z+6, r18	; 0x06
    193e:	14 c0       	rjmp	.+40     	; 0x1968 <fputc+0x6e>
    1940:	8b 01       	movw	r16, r22
    1942:	ec 01       	movw	r28, r24
    1944:	fb 01       	movw	r30, r22
    1946:	00 84       	ldd	r0, Z+8	; 0x08
    1948:	f1 85       	ldd	r31, Z+9	; 0x09
    194a:	e0 2d       	mov	r30, r0
    194c:	09 95       	icall
    194e:	89 2b       	or	r24, r25
    1950:	e1 f6       	brne	.-72     	; 0x190a <fputc+0x10>
    1952:	d8 01       	movw	r26, r16
    1954:	16 96       	adiw	r26, 0x06	; 6
    1956:	8d 91       	ld	r24, X+
    1958:	9c 91       	ld	r25, X
    195a:	17 97       	sbiw	r26, 0x07	; 7
    195c:	01 96       	adiw	r24, 0x01	; 1
    195e:	17 96       	adiw	r26, 0x07	; 7
    1960:	9c 93       	st	X, r25
    1962:	8e 93       	st	-X, r24
    1964:	16 97       	sbiw	r26, 0x06	; 6
    1966:	ce 01       	movw	r24, r28
    1968:	df 91       	pop	r29
    196a:	cf 91       	pop	r28
    196c:	1f 91       	pop	r17
    196e:	0f 91       	pop	r16
    1970:	08 95       	ret

00001972 <__ultoa_invert>:
    1972:	fa 01       	movw	r30, r20
    1974:	aa 27       	eor	r26, r26
    1976:	28 30       	cpi	r18, 0x08	; 8
    1978:	51 f1       	breq	.+84     	; 0x19ce <__ultoa_invert+0x5c>
    197a:	20 31       	cpi	r18, 0x10	; 16
    197c:	81 f1       	breq	.+96     	; 0x19de <__ultoa_invert+0x6c>
    197e:	e8 94       	clt
    1980:	6f 93       	push	r22
    1982:	6e 7f       	andi	r22, 0xFE	; 254
    1984:	6e 5f       	subi	r22, 0xFE	; 254
    1986:	7f 4f       	sbci	r23, 0xFF	; 255
    1988:	8f 4f       	sbci	r24, 0xFF	; 255
    198a:	9f 4f       	sbci	r25, 0xFF	; 255
    198c:	af 4f       	sbci	r26, 0xFF	; 255
    198e:	b1 e0       	ldi	r27, 0x01	; 1
    1990:	3e d0       	rcall	.+124    	; 0x1a0e <__ultoa_invert+0x9c>
    1992:	b4 e0       	ldi	r27, 0x04	; 4
    1994:	3c d0       	rcall	.+120    	; 0x1a0e <__ultoa_invert+0x9c>
    1996:	67 0f       	add	r22, r23
    1998:	78 1f       	adc	r23, r24
    199a:	89 1f       	adc	r24, r25
    199c:	9a 1f       	adc	r25, r26
    199e:	a1 1d       	adc	r26, r1
    19a0:	68 0f       	add	r22, r24
    19a2:	79 1f       	adc	r23, r25
    19a4:	8a 1f       	adc	r24, r26
    19a6:	91 1d       	adc	r25, r1
    19a8:	a1 1d       	adc	r26, r1
    19aa:	6a 0f       	add	r22, r26
    19ac:	71 1d       	adc	r23, r1
    19ae:	81 1d       	adc	r24, r1
    19b0:	91 1d       	adc	r25, r1
    19b2:	a1 1d       	adc	r26, r1
    19b4:	20 d0       	rcall	.+64     	; 0x19f6 <__ultoa_invert+0x84>
    19b6:	09 f4       	brne	.+2      	; 0x19ba <__ultoa_invert+0x48>
    19b8:	68 94       	set
    19ba:	3f 91       	pop	r19
    19bc:	2a e0       	ldi	r18, 0x0A	; 10
    19be:	26 9f       	mul	r18, r22
    19c0:	11 24       	eor	r1, r1
    19c2:	30 19       	sub	r19, r0
    19c4:	30 5d       	subi	r19, 0xD0	; 208
    19c6:	31 93       	st	Z+, r19
    19c8:	de f6       	brtc	.-74     	; 0x1980 <__ultoa_invert+0xe>
    19ca:	cf 01       	movw	r24, r30
    19cc:	08 95       	ret
    19ce:	46 2f       	mov	r20, r22
    19d0:	47 70       	andi	r20, 0x07	; 7
    19d2:	40 5d       	subi	r20, 0xD0	; 208
    19d4:	41 93       	st	Z+, r20
    19d6:	b3 e0       	ldi	r27, 0x03	; 3
    19d8:	0f d0       	rcall	.+30     	; 0x19f8 <__ultoa_invert+0x86>
    19da:	c9 f7       	brne	.-14     	; 0x19ce <__ultoa_invert+0x5c>
    19dc:	f6 cf       	rjmp	.-20     	; 0x19ca <__ultoa_invert+0x58>
    19de:	46 2f       	mov	r20, r22
    19e0:	4f 70       	andi	r20, 0x0F	; 15
    19e2:	40 5d       	subi	r20, 0xD0	; 208
    19e4:	4a 33       	cpi	r20, 0x3A	; 58
    19e6:	18 f0       	brcs	.+6      	; 0x19ee <__ultoa_invert+0x7c>
    19e8:	49 5d       	subi	r20, 0xD9	; 217
    19ea:	31 fd       	sbrc	r19, 1
    19ec:	40 52       	subi	r20, 0x20	; 32
    19ee:	41 93       	st	Z+, r20
    19f0:	02 d0       	rcall	.+4      	; 0x19f6 <__ultoa_invert+0x84>
    19f2:	a9 f7       	brne	.-22     	; 0x19de <__ultoa_invert+0x6c>
    19f4:	ea cf       	rjmp	.-44     	; 0x19ca <__ultoa_invert+0x58>
    19f6:	b4 e0       	ldi	r27, 0x04	; 4
    19f8:	a6 95       	lsr	r26
    19fa:	97 95       	ror	r25
    19fc:	87 95       	ror	r24
    19fe:	77 95       	ror	r23
    1a00:	67 95       	ror	r22
    1a02:	ba 95       	dec	r27
    1a04:	c9 f7       	brne	.-14     	; 0x19f8 <__ultoa_invert+0x86>
    1a06:	00 97       	sbiw	r24, 0x00	; 0
    1a08:	61 05       	cpc	r22, r1
    1a0a:	71 05       	cpc	r23, r1
    1a0c:	08 95       	ret
    1a0e:	9b 01       	movw	r18, r22
    1a10:	ac 01       	movw	r20, r24
    1a12:	0a 2e       	mov	r0, r26
    1a14:	06 94       	lsr	r0
    1a16:	57 95       	ror	r21
    1a18:	47 95       	ror	r20
    1a1a:	37 95       	ror	r19
    1a1c:	27 95       	ror	r18
    1a1e:	ba 95       	dec	r27
    1a20:	c9 f7       	brne	.-14     	; 0x1a14 <__ultoa_invert+0xa2>
    1a22:	62 0f       	add	r22, r18
    1a24:	73 1f       	adc	r23, r19
    1a26:	84 1f       	adc	r24, r20
    1a28:	95 1f       	adc	r25, r21
    1a2a:	a0 1d       	adc	r26, r0
    1a2c:	08 95       	ret

00001a2e <__prologue_saves__>:
    1a2e:	2f 92       	push	r2
    1a30:	3f 92       	push	r3
    1a32:	4f 92       	push	r4
    1a34:	5f 92       	push	r5
    1a36:	6f 92       	push	r6
    1a38:	7f 92       	push	r7
    1a3a:	8f 92       	push	r8
    1a3c:	9f 92       	push	r9
    1a3e:	af 92       	push	r10
    1a40:	bf 92       	push	r11
    1a42:	cf 92       	push	r12
    1a44:	df 92       	push	r13
    1a46:	ef 92       	push	r14
    1a48:	ff 92       	push	r15
    1a4a:	0f 93       	push	r16
    1a4c:	1f 93       	push	r17
    1a4e:	cf 93       	push	r28
    1a50:	df 93       	push	r29
    1a52:	cd b7       	in	r28, 0x3d	; 61
    1a54:	de b7       	in	r29, 0x3e	; 62
    1a56:	ca 1b       	sub	r28, r26
    1a58:	db 0b       	sbc	r29, r27
    1a5a:	0f b6       	in	r0, 0x3f	; 63
    1a5c:	f8 94       	cli
    1a5e:	de bf       	out	0x3e, r29	; 62
    1a60:	0f be       	out	0x3f, r0	; 63
    1a62:	cd bf       	out	0x3d, r28	; 61
    1a64:	09 94       	ijmp

00001a66 <__epilogue_restores__>:
    1a66:	2a 88       	ldd	r2, Y+18	; 0x12
    1a68:	39 88       	ldd	r3, Y+17	; 0x11
    1a6a:	48 88       	ldd	r4, Y+16	; 0x10
    1a6c:	5f 84       	ldd	r5, Y+15	; 0x0f
    1a6e:	6e 84       	ldd	r6, Y+14	; 0x0e
    1a70:	7d 84       	ldd	r7, Y+13	; 0x0d
    1a72:	8c 84       	ldd	r8, Y+12	; 0x0c
    1a74:	9b 84       	ldd	r9, Y+11	; 0x0b
    1a76:	aa 84       	ldd	r10, Y+10	; 0x0a
    1a78:	b9 84       	ldd	r11, Y+9	; 0x09
    1a7a:	c8 84       	ldd	r12, Y+8	; 0x08
    1a7c:	df 80       	ldd	r13, Y+7	; 0x07
    1a7e:	ee 80       	ldd	r14, Y+6	; 0x06
    1a80:	fd 80       	ldd	r15, Y+5	; 0x05
    1a82:	0c 81       	ldd	r16, Y+4	; 0x04
    1a84:	1b 81       	ldd	r17, Y+3	; 0x03
    1a86:	aa 81       	ldd	r26, Y+2	; 0x02
    1a88:	b9 81       	ldd	r27, Y+1	; 0x01
    1a8a:	ce 0f       	add	r28, r30
    1a8c:	d1 1d       	adc	r29, r1
    1a8e:	0f b6       	in	r0, 0x3f	; 63
    1a90:	f8 94       	cli
    1a92:	de bf       	out	0x3e, r29	; 62
    1a94:	0f be       	out	0x3f, r0	; 63
    1a96:	cd bf       	out	0x3d, r28	; 61
    1a98:	ed 01       	movw	r28, r26
    1a9a:	08 95       	ret

00001a9c <_exit>:
    1a9c:	f8 94       	cli

00001a9e <__stop_program>:
    1a9e:	ff cf       	rjmp	.-2      	; 0x1a9e <__stop_program>
